1	add up (sth) or add (sth) up	to calculate the total of two or more numbers
1	breakaway	adj a breakaway group is a group of people that stop being part of another group, often because they disagree with them
1	breakout	n when someone escapes from prison
1, 50	be cast away	to be on an island with no other people after swimming from a ship that is sinking
1	cover-up	n if someone stops people from discovering the truth about something bad
1, 2	get on (with sb)	to like someone, and enjoy spending time with them
1	get up	to stand up
1	hold back sb/sth or hold sb/sth back	to prevent something from working effectively, or to prevent someone or something from making progress
1	hold down sb or hold sb down	to limit the freedom of a group of people
1	hold out for sth	to wait until you get what you want and to refuse to accept anything less
1	lockout	n when workers are prevented from entering their place of work until they agree to particular conditions given by the employer
1, 3	onset	n the moment at which something unpleasant starts
1, 4	outgoing	adj if someone is outgoing, they are friendly and energetic and find it easy and enjoyable to be with others
1	pick up (sth) or pick (sth) up	to start something again [e.g. story, relationship] from the point where you had stopped
1	roll (sb/sth) over	to turn from lying on one side of your body to the other side, or to make someone or something turn from one side to the other
1, 51	send in sb or send sb in	to send a group of people with special skills [e.g. police, troops] to deal with a difficult situation
1	shake-up	n when big changes are made to an organisation in order to improve it
1	shutdown	n when a factory or business closes and stops working
1, 3	standby	n a person or thing that can be used if someone or something else is not available or cannot be used
1	stand up	to rise from a sitting or lying position to a standing position
1, 20	strike back (at)	to attack someone who has attacked you
1, 43	wear out sb or wear sb out	to make someone very tired
1, 4	worn-out	adj weak and damaged through much use
2, 18	associate sth with sth	to connect someone or something in your mind with someone or something else
2, 49	branch off	if a road or path branches off, it goes in another direction
2, 34	contend with sth	to have to deal with a difficult or unpleasant situation
2	cope with sth	to deal successfully with a problem or difficult situation
2, 12	cut off sth or cut sth off	to stop the supply of something such as electricity, gas or water
2, 34	deprive sb/sth of sth	to take something important away from someone
2	die away	if something, especially a sound, dies away, it gradually becomes less strong or clear and then stops
2, 43	drop off	to fall asleep
2	face up to sth	to accept that a difficult or unpleasant situation exists
2	fold up (sth) or fold (sth) up	to make something [e.g. cloth, paper, chair] into a smaller, neater and usually flatter shape by folding it, or to be able to be folded in this way
2, 47	freeze over	if water freezes over, it becomes covered with ice
2	knock down sth or knock sth down	to destroy and remove a building or part of a building [esp. wall]
2, 32	mark down sb or mark sb down	to give someone a lower result in an exam or competition because they have made a mistake or done something wrong
2, 32	move up (sb) or move (sb) up	if a student moves up, or if a teacher moves them up, they are put in a higher level or class
2	put up with sb/sth	to tolerate unpleasant behaviour or an unpleasant situation
2, 38	tie back sth or tie sth back	to fasten something that usually hangs down [esp. hair] so that it is fixed in position and not hanging down
3, 54	back-up	n support, help or something that you have arranged in case your main plans or equipment go wrong
3	breakdown	n when talks between two groups of people fail because of a disagreement or problem
3	break-in	n when someone manages to get in a building by using force, usually in order to steal something
3, 26	build up (sth) or build (sth) up	to increase in amount, size, or strength, or to make something increase in amount, size, or strength
3	build-up	n when something increases in amount, size or strength
3, 35	buy out sb/sth or buy sb/sth out	to buy part of a company or building that belonged to someone else so that you own all of it
3	buyout	n the buying of a company, especially by the people who previously managed it or worked for it
3	comeback	n when a performer gives a performance he hopes will make him popular again
3	downpour	n a sudden, heavy fall of rain
3	input	n contribution to a system to help it operate
3	knockabout	n British informal when two or more people kick or hit a ball to each other for pleasure but not in a serious way, sometimes to warm up before a game
3, 42	letdown	n something which is not as good as you thought it would be
3	lift-off	n the moment when a spacecraft leaves the ground
3	lookout	n a person who looks at what is happening in the area around them, especially in order to watch for any danger
3	outbreak	n sudden beginning of something, especially something unpleasant
3	outlook	n the likely future situation
3	output	n an amount of something, produced by a person, machine, factory or country
3	overkill	n when there is more of something than is needed
3, 11	set in	if something unpleasant sets in, it begins and seems likely to continue
3, 20	set (sth/sb) on sb	to attack someone, or to make a person or animal attack someone
3	stand-off	n when two groups fail to reach an agreement in talks
3	start-up	n when a business or organisation is created and starts to operate
3, 50	stow away	to hide on a ship, aircraft, or other vehicle, in order to travel secretly or without paying
3, 50	stowaway	n a person who stows away
3	toss-up	n informal a situation in which two people or things seem equally likely to be chosen or two possible results seem equally likely to happen
3	walk-on	adj a walk-on part in a play is a very small part with no words for the actor to speak
3, 51	walk out	to stop working because of a disagreement with your employer
3	walkout	n when workers stop working because of a disagreement with their employer
3	warm-up	n when a performer makes a group of people who are going to watch a performance start to enjoy themselves by entertaining them for a short time before the performance
4	broken down	adj if a machine or vehicle is broken-down it no longer works
4	built-in	adj if something is built-in, it is made so that it fits into part of a wall or room
4	downcast	adj sad and depressed
4	fallback	adj a fallback position is something you use when other things have failed, or when there are no other choices
4	foldaway	adj a foldaway bed has parts that can be folded so that it is smaller and can be stored somewhere
4	fold-up	adj a fold-up chair can be made into a smaller, neater and flatter shape, by folding it
4	forthcoming	adj if a forthcoming event, action, or product is one which will happen or become available soon
4	go-ahead	adj using new methods and ideas to succeed
4	left out	adj if someone feels left out, they are unhappy because they have not been included in an activity or conversation
4	live-in	adj a live-in nanny lives at the home of the children she cares for
4	off-putting	adj slightly unpleasant or worrying so that you are discouraged from getting involved in any way
4	ongoing	adj if a problem is ongoing, it continues to be a problem
4	outdated	adj old-fashioned and therefore not as good or as fashionable as something that is modern
4, 40	outspoken	adj if someone is outspoken, they express their opinions even though other people might be offended by them
4	outstretched	adj if someone’s arms are outstretched they are held out in front of the person’s body, often in order to greet someone
4	overpriced	adj too expensive
4	tired out	adj completely exhausted
4	watered-down	adj when something is made less strong in order to make people agree with it
4	worked up	adj if you are worked-up, you feel very upset, nervous or excited about something
5	dash off	informal to leave a place quickly
5	drive off	to leave in a vehicle
5	ease off/up	to gradually stop or become less
5, 41	go off sb/sth	to stop liking someone or something
5, 41	hanker after/for sth	to want something very much, especially something you know you should not want
5	head off swh	to begin a journey or to leave
5, 24	hit on sth	to have a good idea, especially one that solves a problem
5, 59	keep in with sb	British & Australian to continue to be friendly with someone, especially because they can help you
5, 32	pore over sth	to study or look carefully at something, especially a book or document
5, 28	be riddled with sth	be full of something, especially something bad or unpleasant
5, 7, 32	sail through (sth)	to succeed very easily, especially in a test, examination etc.
5	stream into swh	to move continuously in one direction, especially if a lot of people do this at the same time
6	accede to sth	formal to agree to something that someone has asked for [e.g. request, demand], often after disagreeing with it
6	ascribe sth to sth	formal to believe or say that something is caused by something else
6	be asking for sth	informal to behave stupidly in a way that is likely to cause problems for you
6	couldn't ask for sb/sth	if you say that you couldn't ask for someone or something better, you mean that that person or thing is the best of their kind
6	attend to sb/sth	to deal with a situation or problem
6, 36	bail out sb/sth or bail sb/sth out	to help a person or organisation by giving them money
6, 34	base sth on sth	if you base something on particular facts or ideas, you use those facts or ideas to develop that thing
6	bear on sth	formal to be directly connected to something
6, 15	buy up sth or buy sth up	to quickly buy a lot of something, often all that is available
6, 42	call in (on)	British & Australian to visit a place or person for a short time, usually while you are going somewhere else
6	call on sth	formal to use something, especially a quality that you have, in order to achieve something
6, 36	carry forward sth or carry sth forward	to include an amount of money in a later set of calculations
6, 27	fall through	if a plan or agreement falls through, it fails to happen
6	gang up	informal to form a group to act against someone else
6, 45	gloss over sth	to avoid discussing something, or to discuss something without talking about the details in order to make it seem unimportant
6	go into sth	to describe, discuss, or examine something in a detailed way
6, 58	go over to sth	to leave one group or organisation and join a group or organisation that is competing against them
6	be gunning for sb	informal to try to harm someone or cause trouble for them
6	hack into sth	to get into someone else's computer system without permission in order to look at information or do something illegal
6	hang about/around/round with sb	informal to spend time with someone
6	log in/into sth	to connect a computer to a system of computers by typing your name or password, usually so that you can start working
6	muck up sth or muck sth up	informal to do something very badly
6	predispose sb to/towards sth	formal predisposing someone to something makes it more likely that that thing will happen
6	preside over sth	formal to be in charge of an event or situation and have official responsibility for it
6, 54	print off sth or print sth off	to print a particular number of copies of something
6, 51, 53	put out sth or put sth out	to produce information [e.g. statement, warning, press release] and make it available for everyone to read or hear
6	scroll down/up	to move text or other information on a computer screen, in order to view a different part of it
6	sell up (sth) or sell (sth) up	British & Australian to sell your house or business in order to go somewhere else or do something else
6	shoot down sb/sth or shoot sb/sth down	informal to criticise someone’s ideas or suggestions and refuse to consider them
6, 36	square up	informal to pay someone the money you owe them
6	sum up (sth/sb) or sum (sth/sb) up	to describe briefly the most important facts or characteristics of something or someone
6	take on sth or take sth on	to accept a particular job or responsibility and begin to do what is needed
6	take over sth or take sth over	to get control of a company by buying most of its shares (= the equal parts into which the ownership of the company is divided)
6, 35	turn over sth or turn sth over	if a business or a company turns over an amount of money, it makes that amount in a particular period of time
6	want for	formal if someone does not want for anything, they have everything they need in order to have a satisfactory life
7	boil down to sth	slightly informal if a situation or problem boils down to a particular thing, that is the main reason for it
7	brush down/off sb/sth or brush sb/sth down	to use a brush or your hand to remove something
7	brush off sb/sth or brush sb/sth off	to refuse to listen to what someone says, or to refuse to think about something seriously
7	climb down	to admit that you are wrong
7	dive in/into sth	to start doing something suddenly without thinking about it
7	drag sb away from	informal to make somebody stop doing something, so that they can do something else
7	drink in	to look at, listen to, or experience something with all your attention and to enjoy it very much
7	eat into sth	to use or take away a large part of something valuable [e.g. savings, profits, leisure time, business]
7	fish out sth or fish sth out	informal to pull or take something out of a bag or pocket, especially after searching
7	flood in/into sth	to arrive or enter somewhere in very large numbers or amounts
7	be glued to sth	to be watching something [esp. television] with all your attention
7	hit out	to strongly criticise something or someone
7	nose about/around (swh)	informal to look around a place, often in order to find something
7	run over	to continue past the expected finishing time
7	run over sth	to quickly read something or repeat something in order to remember it or to make sure that it is correct
7	be sandwiched between sb/sth	informal to be in a small space in the middle of two people or things
7	shoot up	if the number, amount, or rate of something shoots up, it increases very quickly
7	soldier on	to continue doing something, although it is difficult or unpleasant
7	spur on sb or spur sb on	to encourage someone to try harder in order to achieve something
7	stand by	to do nothing to prevent something unpleasant from happening
7	strike out	to start doing something that you have not done before
7	sweep aside sth or sweep sth aside	to refuse to think about something or let it affect your performance
7	warm up sb or warm sb up	to make a group of people who are going to watch a performance start to enjoy themselves by entertaining them for a short time before the performance
7	warm up sth or warm sth up	to heat food that has already been cooked
8	clean up your act	to start to behave better
8	come into one’s own	to be very successful
8	cut off your nose to spite your face	to do something because you are angry, though it may cause you more problems
8	dig your heels in	to refuse to do what others try to persuade you to do
8	get off on the wrong foot	to start something badly
8	get on like a house on fire	to immediately like each other
8, 57	get your act together	to organise yourself more efficiently
8	be going round in circles	to use a lot of time and effort with no results
8	let off steam	to talk or act in a way that helps get rid of strong feelings
8	make up for lost time	to do something to compensate for not doing it previously
8	make up your mind	to make a decision about something
8	pull out all the stops	to do everything you can
8	put down roots	to settle down and make a relationship more permanent
8	put in a good word for someone	to say good things about someone to people in authority
8	run rings round	to outwit and be cleverer than people
8	take the sting out of something	to make something that is unpleasant seem less so
8	throw the baby out with the bathwater	to get rid of the good parts of something as well as the bad parts
8	turn up the heat	to make a relationship more intense
8	wake up to the fact	to be realistic
9	ask around	to ask several people in order to try to get information or help
9	bang about/around	to move around a place, making a lot of noise
9	blunder about/around	to move in an awkward way, usually because you cannot see where you are going
9	boss about/around sb or boss sb about/around	to tell people what they should do all the time
9	clown about/around	to act in a silly way
9	crowd around/round (sth/sb)	to surround something or someone, standing very close to them
9	be floating about/around	if you say something is floating around, you mean that you have seen it somewhere but you do not know exactly where it is
9	fly about/around (swh)	if rumours fly around, they are made in a way which makes people excited
9, 57	get around	if news or information gets around, a lot of people hear about it
9	knock sb about/around	informal to hit or kick someone several times
9	knock sth about/around	informal to consider an idea
9	lie about/around (swh)	if things are lying around, they are untidily left in places where they should not be
9	play about/around	to behave in a stupid way
9	potter about/around (swh)	British & Australian to spend time in a pleasant, relaxed way, often doing small jobs in or around the house
9	roll about/around	informal to laugh a lot about something
9	run about/around	to run and play
9, 31	run around/round after sb	informal to do a lot of things for someone else, especially when they should be able to do more for themselves
9	skirt around/round sth	to avoid discussing a difficult subject or problem
9	switch around/round	to move two or more things, so that each of them is now in the place that one of the others was in before
9, 44	turn around/round (sb/sth) or turn (sth/sb) around/round	to turn so that you are facing the opposite direction, or to make someone or something do this
9	turn around/round sth or turn sth around	to change an unsuccessful business, plan or system so that it becomes successful
9	work around/round sth	to organise activities to ensure that a problem does not prevent you from doing what you want to do
10	come down	if you come down when you are suggesting a price for something, you suggest or agree to a lower price
10, 57	get sb down	to make someone feel unhappy
10	gun down sb or gun sb down	to shoot someone and kill or seriously injure them, often when they cannot defend themselves
10, 26	knock down sb/sth or knock sb/sth down	informal to reduce a price, or to persuade someone to reduce the price of something that they are selling
10	pin down sb or pin sb down	to force someone to stay in a horizontal position by holding them
10	put down sth or put sth down	to kill an animal because it is very old or very ill
10	shout down sb or shout sb down	to shout in order to prevent someone who is saying something that you disagree with from being heard
10	slam down sth or slam sth down	to put something down with a lot of force
10	tie down sth/sb or tie sth/sb down	to fasten something or someone in a particular position, especially by using ropes
10, 29	tie sb down	to stop someone from being free to do what they want to do
10	turn down sth or turn sth down	to reduce the amount of sound or heat that is produced by a device [e.g. television, radio, oven]
10, 55	water down sth or water sth down	to add water to a drink, especially an alcoholic drink
11	box in sb or box sb in	to prevent someone from doing what they want to do
11	bring in sth or bring sth in	to earn or make a particular amount of money
11	build in sth or build sth in	to include something as part of a system
11	cash in on sth	to make money from an event or situation, or to get some other advantage from it, often an unfair way
11, 56	come in	to start speaking during a discussion
11, 45	cut in (on) (sth)	to interrupt what someone is saying by saying something yourself
11	factor in sth or factor sth in	to include something when making a calculation or when trying to understand something
11	fit in with sth	if one activity or event fits in with another, they exist or happen together in a way which is convenient
11	lead-in	something that introduces something else
11	lead on sb or lead sb on	to make someone do something bad by encouraging them or annoying them until they do it
11	let in	if something lets in water, air, or light, it allows water, air or light to enter it through a hole or opening
11	pitch in	to help with work that needs to be done
11	show in sb or show sb in	to lead a visitor into a room where they have arranged to meet or wait for someone
11	squash (sb) in	to manage to get yourself or someone else into a very small space, or place that is full of people
11	usher in sth	formal if an event ushers in a period of time in which new things or changes happen, it is at the beginning of that period or it causes those things to happen
12	back off	to stop being involved in a situation, especially in order to allow other people to deal with it themselves
12	cordon off sth or cordon sth off	if people in authority [e.g. police] cordon off an area, they put something around it in order to stop people from entering it
12	cut off (from) swh	to be in a separate space or area and unable to communicate with people in a different space or area
12	finish off sb or finish sb off	to make someone so tired, weak, or unhappy that they are unable to continue what they were doing
12	have off sth or have sth off	to spend time away from work
12	kick off (sth)	informal to start
12	kick off sth or kick sth off	to remove your shoes by shaking your feet
12	leave off (sth/doing sth)	to stop, or to stop doing something
12, 33	round off sth or round sth off	to do something as a way of finishing an event or activity in a satisfactory way
12	shake off sb or shake sb off	to succeed in escaping from someone who is following you
12	Shove off!	something that you say when you are angry to tell someone to go away
12	shrug off sth or shrug sth off	to not worry about something and treat it as unimportant
12	split off	to stop belonging to a particular group or political party and form a separate one
12	start sb off	to help someone to start an activity, especially a piece of work
12	switch off	to stop giving your attention to something or someone
12	tick off sb or tick sb off	British & Australian to tell someone that they have done something wrong and that you are angry about it
12	work off sth or work sth off	to do something energetic to stop yourself becoming fat after eating a lot of food
13	count on sth	to expect something to happen, and make plans which depend on this thing happening
13	depend on sth/sb	to need the help or support of something or someone in order to survive or continue as before
13, 21	drone on	to talk for a long time in a very boring way
13	dwell on sth	to think or talk about a particular subject for too long
13	focus (sth) on sth	to give a lot of attention to one particular activity, situation or idea
13	frown on sth	to believe that something is wrong and that you should not do it
13	hang on sth	to depend on something
13	happen on sb/sth	to find something or meet someone without planning to
13	harp on	to talk continually about something in a way that other people find boring or annoying
13	hinge on sth	to depend on something or be very influenced by it
13	keep on	slightly informal to talk in an annoying way about something for a long time
13	live on	to continue to exist
13, 19	press on	to continue doing something in a determined way
13	ramble on	to talk or write for a long time about things that are not interesting to other people
13	read on	to continue reading and read the next part of something
13	rely on sth/sb	to need something or someone in order to survive, be successful, or work correctly
13	ride on sth	if something important [e.g. reputation, money] rides on something else, it depends on it
13	spring sth on sb	to tell someone some news that surprises them
14	clean out sth or clean sth out	to steal everything from a place
14, 23	count out sb or count sb out	informal to not include someone in an activity
14	cry out (sth) or cry (sth) out	to suddenly shout something in a loud voice, especially to get someone's attention
14	draw out sth or draw sth out	to make something continue for longer than is usual or necessary
14	jut out	to stick out from a surface or beyond the edge of something
14	kick out sb or kick sb out	to force someone to leave a place or an organisation
14	lash out	to criticise someone or something in an angry way
14	pick out sth/sb or pick sth/sb out	to choose one thing or person or several things or people from a large group
14	scream out (sth) or scream (sth) out	to suddenly shout something in a loud voice, especially to get someone’s attention
14	share out sth or share sth out	to divide something into smaller amounts and give one amount to each person or thing in a group
14	shout out (sth) or shout (sth) out	to suddenly shout something in a loud voice, especially to get someone’s attention
14	test out sth or test sth out	to test a theory or new idea by seeing how it works in a practical situation or by finding out what other people think of it
14	want out	informal to want to leave a place
14	yell out (sth) or yell (sth) out	to suddenly shout something in a loud voice, especially to get someone’s attention
15	finish up (sth) or finish (sth) up	to eat or drink all of what you are eating or drinking
15	jazz up sth or jazz sth up	to make something more attractive or interesting
15	land up	informal to finally be in a particular place, state, or situation, especially without having planned it
15	lift up sth or lift sth up	to move something from a lower to a higher position
15	pep up sth/sb or pep sth/sb up	informal to make something more interesting or attractive, or to make someone feel more active or energetic
15	pick up on sth	to react to something that you have noticed or something that has happened
15	prop yourself up	to support yourself by leaning on or against something
15	shore up sth or shore sth up	to strengthen or improve an organisation, agreement, or system that is not working effectively or that is likely to fail
15	split up (sth) or split (sth) up	to divide into smaller parts or groups, or to divide something into smaller parts or groups
15	stick up	if part of something sticks up, it comes up above the surface of something, or it points upwards
15, 51	write up sth or write sth up	to write something on paper or on a computer in a complete or final form, often using notes you have made
16	break up sth or break sth up	if an event breaks up a period of time, it makes it more interesting by being different to what you are doing for the rest of the time
16	bring forward sth or bring sth forward	to change the date or time of an event so that it happens earlier than planned
16	come around/round	if a regular event comes around, it happens at its usual time
16	creep up on sb	if a date or an event creeps up on someone, it seems to come or happen sooner than they were expecting
16	drag out (sth) or drag (sth) out	to continue for longer than is necessary, or to make something do this
16	eke out sth or eke sth out	to use something slowly or carefully because you only have a small supply of it
16	free up sth or free sth up	to make time or money available for a particular use by not using it in another way
16	fritter away sth or fritter sth away	to waste something [esp. money, time] by using it in a careless way for unimportant things
16	be getting on	mainly British & Australian informal when time is getting on, it is getting late
16	hold over sth or hold sth over	to delay something and to arrange to do it at a later time
16	hurry along	to make someone do something more quickly, or to make something happen more quickly
16	lead up to sth	if a period of time or a series of events leads up to an event or activity, it happens until that event or activity begins
16	pass sb by	if an event or opportunity passes you by, you do not notice it or you do not get any advantage from it
16	pull your socks up	to make an effort to improve
16	set aside sth or set sth aside	to use something, especially time, for one purpose and no other purpose
16	set back sb/sth or set sb/sth back	to make something happen more slowly, or to make something happen later than it should happen
16	slip away	if a period of time slips away, it seems to pass quickly
16, 25	space out sth or space sth out	to arrange things so that there is enough space or time between them
16	spin out sth or spin sth out	to make something continue for as long as possible
17	account for sth	to explain the reason for something or the cause of something
17	add up	to be a reasonable or likely explanation for something
17	add up to sth	to have a particular result or effect
17	attribute sth to sth	slightly formal to believe or say that something is the result of something else
17	come out of sth	if something comes out of a process or an event, it is one of the results
17	contribute to sth	to be one of the causes of an event or situation
17	impact on sth/sb	slightly formal to have a noticeable effect on
17	lead to sth	if an action or event leads to something, it causes that thing to happen or exist
17	point to/towards sth	if one thing points to something else, it makes it seem likely that it is true
17	put sth down to sth	to think that a problem or bad experience is caused by something else
17	rebound on sb	if a negative action rebounds on someone, it has a bad effect on the person who did it and they do not achieve what they were trying to achieve
17, 34	result in sth	to cause something to happen, or to make a situation exist
17	be rooted in sth	to be based on, or caused by
17	stem from sth	if a problem or difficult situation stems from something, it is caused by it
18	block out sth or block sth out	to stop yourself from thinking about something unpleasant because it upsets you
18	call up sth or call sth up	if something calls up a memory or an idea, it makes you remember or think about it
18	come back	if something comes back to you, you remember it
18	conjure up sth or conjure sth up	to make something [e.g. picture, image, memory] appear in someone's mind
18	eat away at sb	if a memory or bad emotion [e.g. bitterness, shame] eats away at someone, they think about it a lot and it makes them very unhappy
18	flash back	if your mind or thoughts flash back to something that happened to you in the past, you suddenly remember that thing
18	flashback	n an occasion when you suddenly remember something vividly that happened to you in the past
18	flood back	if memories flood back, you suddenly remember very clearly a lot of things about an experience or period in the past
18	put sth behind sb	if you put an unpleasant experience behind you, you forget it so that it does not affect your life
18	remind sb of sb/sth	to cause someone to think of someone or something
18	stick with sb	if something sticks with you, you remember it
18	stir up sth or stir sth up	if something stirs up memories, it makes you remember events in the past, usually ones that make you feel sad
18	store up sth or store sth up	to remember things, usually so that you can tell people about them later
18	summon up sth or summon sth up	if something summons up a memory or an image, it makes you remember something or think about something
19	bottom out	if a situation, level, or rate that is getting worse bottoms out, it reaches the lowest point and remains at that level or amount, usually before improving
19	break up (sth) or break (sth) up	if an occasion when people meet [e.g. meeting, party] breaks up, or if someone breaks it up, it ends and people start to leave
19	dry up	if a supply of something dries up, it ends
19	finish with sth	to stop using or needing something
19	get up to sth	to reach a particular place in something that you are doing and to stop there
19	hang on to/onto sth/sb	to keep someone or something
19	magic away sth or magic sth away	to make something disappear so quickly that it seems as if you have used magic
19	peter out	if an energetic activity or a strong emotion peters out, it gradually becomes less energetic or strong until it stops completely
19	spring up	if something springs up, it suddenly appears or begins to exist
19	sprout up	if a large number of things sprout up, they suddenly appear or begin to exist
19	whittle away sth or whittle sth away or whittle away at sth	to gradually reduce the size or importance of something until it does not exist any more
19	wind up (sth) or wind (sth) up	to finish an activity
20	bump sb off or bump off sb	informal to kill someone
20	bust-up	n informal an angry argument
20, 56	come at sb	to move towards someone in order to attack them
20	drag sb/sth into sth	to talk about or bring someone or something into a difficult or unpleasant situation, especially when that person or thing is seen as being connected with the situation
20	fight off sb/sth or fight sb/sth off	to use violence so that something or someone goes away
20	flare up	if someone flares up, they suddenly become very angry
20	fly at sb	to attack someone suddenly and violently
20	fly into sth	if someone flies into a particular state [e.g. rage, temper, panic] they are suddenly in that state
20	go back to sth	if a situation goes back to a particular state, it returns to that state
20, 43	knock out sb or knock sb out	to make someone become unconscious or to make someone fall asleep
20	push sb about/around/round	to tell someone what to do in a rude or threatening way
20	push over sb/sth or push sb/sth over	to push someone or something so that they fall to the ground
20	round on sb	to suddenly turn and attack someone, or shout at them angrily
20	smash up sth or smash sth up	to badly damage or destroy something by hitting it many times
20	wipe out sth or wipe sth out	to destroy or get rid of something
21	bang down sth or bang sth down	to put something down with force, often because you are angry
21	belt out sth or belt sth out	informal to sing or to play a musical instrument very loudly
21	blast out (sth) or blast (sth) out	to produce a lot of noise, especially loud music
21	boom out (sth)	to speak in a loud voice, or to make a loud noise
21	burst out sth	if you burst out laughing or crying, you suddenly start to laugh or cry
21	chatter away	to talk continuously
21	chirp away	if a bird chirps away, it sings continuously
21	come over sth	if an announcement comes over a public address system, people can hear the announcement
21	die down	if something, especially noise or excitement, dies down, it gradually becomes less loud or strong until it stops
21	drown out sth or drown sth out	if a loud noise drowns out another noise, it prevents it from being heard
21	grate on sb/sth	if something, especially someone's voice or way of behaving, grates on you, it annoys you
21, 59	keep down sth or keep sth down	if you keep the noise of something [e.g. music, voice] down, you stop it from becoming too loud
21	listen out for sth	to make an effort to hear a noise which you are expecting
21	peal out	when bells ring loudly, they peal out
21	shut out sth or shut sth out	to prevent a sound or light from being heard or seen
21	trail off	to gradually become quieter and then stop
22	buoy up sth or buoy sth up	to support something and help to make it more successful
22, 23	cave in	to agree to something that you were against before, after someone has persuaded you or threatened you
22	cheer on sb or cheer sb on	to shout encouraging words at someone, especially a person or team in a race or competition, or to receive encouraging words or shouts
22	come out against	to state publicly that you are opposed to an issue
22	come out in favour of	to state publicly that you support an issue
22	cross over	to start to support a different, often opposing, person or group
22, 23	defer to sb/sth	formal to accept someone else's opinion because they know more than you or are more important than you
22	egg on sb or egg sb on	to encourage someone to do something, often something that is wrong, stupid, or dangerous, or to be encouraged to do something
22	not hear of sth or not hear of sb doing sth	to not allow something, or not allow someone to do something
22	lean towards sth/doing sth	to support, or begin to support, a particular set of ideas or a particular political party
22	side against sb	to oppose a person or group in an argument
22	side with sb	to support a person or group in an argument
22	stick by sth	to continue to support or use a decision, opinion, or plan
22	stick up for sth	to defend or fight for something important [e.g. rights]
22	swear by sth	to believe that something is very effective and that it will always work well
23	agree to	both sides accept something
23	bend to sb/sth	to do something you don't want to do
23	bow to sb/sth	to do something you don't want to do
23, 29	come round to	to agree with somebody else's idea or opinion after a long time thinking about it or discussing it
23	come to (an agreement)	to agree on something after discussion
23	count sb in	to include a person in a plan or activity
23	give in to sth	if when someone spends a long time trying to persuade you to do or agree to something, and you finally agree to it
23	go along with sth/sb	to agree with someone’s idea or opinion
23, 53	go through	if a law, plan, or deal goes through, it is officially accepted or approved
23	hammer out sth or hammer sth out	to reach an agreement after a lot of argument or discussion
23	nail down	informal to make a decision about all the details of something
23	rule out sth or rule sth out	to say no to something
23	settle for	to agree to something which isn’t your first choice
23	settle on sth	to agree on something
23	smooth over sth or smooth sth over	to settle a disagreement so that it’s no longer a problem
23	talk sb out of sth	to persuade someone not to do something
23	talk round sb or talk sb round	to convince somebody to agree to your idea or opinion through a long discussion
23	win round sb or win sb round	to get other people to agree with your idea after a long discussion or argument
24	bat around sth or bat sth around	to talk about a plan or idea and to discuss different ways of dealing with it
24	bounce sth off sb	informal to tell someone about an idea or plan in order to find out what they think of it
24	break down sth or break sth down	to divide information or a piece of work into small parts so that it is easier to understand or deal with
24, 56	come at sth	to think about something in a particular way
24	cotton on	informal to begin to understand a situation or fact
24	go in	informal if a fact or piece of information goes in, you understand it and remember it
24	grapple with sth	to try to deal with or understand a difficult problem or subject
24	leap out at sb	if something leaps out at you, you notice it immediately
24	occur to sb	if a thought or idea occurs to you, it comes into your mind
24	piece together sth or piece sth together	to try to understand a situation or to try to discover the truth about something by collecting different pieces of information and considering them at the same time
24	play with	if you play with the idea of doing something, you consider it, but usually do not do it
24	reflect on sth	slightly formal to think very hard about something, or to express your thoughts about something in what you say or write
24	rough out sth or rough sth out	if you rough out a drawing or an idea, you draw or write the main parts of it without showing the details
24	talk through sth or talk sth through	to discuss all the details of something so that you can understand it or make a decision about it
24	think up sth or think sth up	to create an idea or plan by using your imagination and intelligence
24	thrash out sth or thrash sth out	to discuss a problem, idea or plan in detail until you find a solution, reach an agreement, or make a decision
25	double up as sth	if something designed for one purpose can double up as something else, it can also be used for something else
25	fix up sth or fix sth up	to arrange something [esp. meeting]
25	gather up sth or gather sth up	to collect several things, especially from different places, and put them together
25	gear sth to/towards sth/sb	to design something so that it is suitable for a particular purpose, situation, or group of people
25	hoard away sth or hoard sth away	to put a supply of something in a safe place so that you can use it in the future
25	know sth from sth	to know the difference between something and something else, so that you can recognise either of them
25	line up sth or line sth up	to move something in order to make it straight or level with something else
25	pile up (sth) or pile (sth) up	to become a pile, or to make a lot of things into a pile by putting them on top of each other
25	prop up sth or prop sth up	to make something stay in a particular position by putting something underneath or against it
25	rank (sth) among sth	to have a particular position in a list that has been arranged in order of quality
25	round up sb/sth or round sb/sth up	to find and gather together a group of people or animals
25	see about sth	to deal with something, or to arrange for something to be done
25	separate off sth or separate sth off	to remove something from a large group of things
25	separate out sb/sth or separate sb/sth out	to divide a group of people or things into smaller groups
25	sift through sth	to examine a large collection of something, especially papers, usually in order to discover something or to decide what is important
25	stack up sth or stack sth up	to arrange things in a tall pile
26	amount to sth	become a particular amount
26	average out at sth	to have as the average number
26	balance out	to make things equal
26	bump up sth or bump sth up	informal to increase the size or amount of something [e.g. price] by a large amount
26	fall off	if the amount, rate, or quality of something falls off, it becomes smaller or lower
26	flatten out	if the rate of something flattens out, or if something flattens it out, it stops increasing and decreasing and begins to stay at the same level
26	level off/out	if a rate or amount levels off, it stops rising or falling and it stays at the same level
26	push up sth or push sth up	to increase the amount, number, or value of something
26	round down sth or round sth down	to decrease a number to the nearest whole amount
26	round up sth or round sth up	to increase a number to the nearest whole amount
26	slim down (sth) or slim (sth) down	to become smaller in size, often by employing fewer people, or to make something smaller
26	tail off	to decrease in amount or level
26	thin out	if a large number of people or things thin out, they become fewer in number
27	capitalise on sth	to use a situation in order to achieve something good for yourself
27	carry off sth or carry sth off	to succeed in doing or achieving something difficult
27	doom (sb/sth) to sth	to make someone or something sure to fail or suffer in a particular way
27	fall behind (sb)	to fail to score as many points as another team or player in a competition
27, 32	get (sb) through sth	to succeed in an examination or competition, or to help someone or something do this
27	lose out to	to be less successful than
27	pack in or pack sth in	informal to manage to do a lot of activities in a period of time
27, 40	pride yourself on sth/doing sth	(always reflexive) to be proud of a quality you have or of something you do
27	pull (sb) through (sth)	to succeed in dealing with a difficult period of your life, or to help someone else to do this
27	rise above sth	to not allow something bad that is happening or being done to you to upset you or to affect your behaviour
27	succeed in sth/doing sth	to achieve something that you have been trying to get or do
27	win back sb/sth or win sb/sth back	to persuade customers to return to using your company rather than competing companies because your company has improved
27	win out	if a particular emotion or type of behaviour wins out, it is stronger than other emotions or types of behaviour
27	win through	finally succeed after trying hard to achieve something
28	bear up	to deal with a very sad or difficult situation in a brave and determined way
28	botch up sth or botch sth up	informal to spoil a piece of work by doing it badly
28	be caught up in sth	to become involved in an activity or situation which prevents you from moving or making progress
28	clear up sth or clear sth up	to give or find an explanation for something, or to deal with a problem or disagreement
28	fall back on sth	to use something when other things have failed, or when there are no other choices
28	grasp at sth	to quickly use or accept an opportunity to do or have something, especially because you are unhappy with the present situation
28	hang over sb/sth	if a problem or threat hangs over a person or situation, it exists and makes people worry about what is going to happen
28	iron out sth or iron sth out	to find a way of solving small difficulties or problems, or to find a way of ending a disagreement
28	land (sb) in sth	to be in a difficult situation, or to cause someone to be in a difficult situation or an unpleasant place [e.g. prison]
28	live with sth	to accept a difficult or unpleasant situation and continue with your life while it exists
28	resign yourself to sth	to accept that something we do not want to happen will happen
28	resort to sth/doing sth	to do something bad in order to achieve what you want, often because it is the only thing you can do to achieve it
28	run into sth	if you run into difficulties or problems, you begin to experience them
28	safeguard against sth	to do things that you hope will stop something unpleasant happening
28	spill over	if a bad situation or problem spills over, it begins to have an unpleasant effect on another situation or group of people
28	walk away	to stop being involved in a situation that is difficult to deal with or that does not give you any advantages
29	arrive at sth	to achieve an agreement or decision, especially after thinking about it or discussing it for a long time
29	decide on sth/sb	to choose something or someone after thinking carefully
29	do in sb or do sb in	informal to attack or kill someone
29	do sb out of sth	informal to stop someone from getting or keeping something, in a dishonest or unfair way
29	do yourself up	to make yourself look more attractive
29	do without (sth/sb)	to manage without something or someone
29	drum up sth	to increase interest in something or support for something
29	mull over sth or mull sth over	to think carefully about something for a long time, often before making a decision
29	play sb off against sb	to encourage one person or group to compete against or argue with another, hoping that you can get some advantage from this situation
29	play on sth	if someone plays on your fears or weaknesses, they use them to try and make you do what they want, often in a way that is unfair
29	push through sth or push sth through	to make a plan or suggestion be officially accepted
29	reason with sb	to try to persuade someone not to do something stupid by giving them good reasons not to
29	single out sb/sth or single sb/sth out	to choose one person or thing from a large group in order to criticise or praise them
29	size up sb/sth or size sb/sth up	to carefully examine a situation or person in order to make a judgement
29	tend towards sth	to be likely to choose a particular thing
29	toss (sb) for sth	to decide which person or team can do something or have something by throwing a coin in the air and guessing which side of the coin will be on top when it lands
29	toy with sth	to consider something or doing something, but not in a very serious way and without making a decision
30	come off it!	something that you say in order to tell someone that you do not believe them or that you disagree with them or are angry with them
30	Dream on!	something that you say in order to tell someone that what they are hoping for is not possible and will not happen
30	Eat up!	something that you say to someone, especially a child, in order to tell them to eat their food
30	Get off (sb/sth)!	something that you say in order to tell someone to stop touching someone or something
30	go easy on sb	to treat someone in a gentle way, especially when you want to be or should be more severe
30	Go for it!	something that you say to encourage someone to try and achieve something
30	Go on then!	something that you say to encourage someone to do something
30	Hang about/on!	something that you say to tell someone to stop doing or saying something
30	Roll on sth!	British informal something that you say in order to show that you are looking forward to a time or event
30	Shut up!	to tell someone to stop talking
30, 60	Take it away!	something that you say in musical contexts to tell someone to start playing or singing
30	Wake up!	informal something you say to tell someone to listen to what you are saying when they have not been listening
31	beaver away	informal to work hard at something for a long time, especially something you are writing
31	be bogged down	to become so involved in the details of something that you cannot achieve anything
31	call out sb or call sb out	to order workers to strike (= to refuse to work because of an argument with an employer)
31	coast along	to do only the things that you have to do without trying to go faster or be more successful
31	cobble together sth or cobble sth together	to make something quickly and not very carefully
31	be cut out for sth	to have the right qualities for something, especially a job
31	farm out sth or farm sth out	to give work to other people instead of doing it yourself
31	fling yourself into	to start to spend a lot of your time and energy doing something
31, 57	get off	to leave the place where you work, usually at the end of the day
31	go in to sth	to choose a particular type of work as your job
31	knuckle down	to start to work or study hard, especially if you have not been working very hard before
31	pack in sth or pack sth in	informal to stop doing something, especially a job
31	pass over sb or pass sb over	to not give someone a job or a higher position and give it to someone else who is younger or less experienced
31	plug away	informal to work hard at something for a long time
31	see sth through	to continue doing a job or activity until it is finished, especially when it is difficult
31	slog away	informal to keep working very hard, usually for a long time
31	step aside	to leave a job or position, especially so that someone else can do it
32	bury yourself in sth	to give all your attention to something
32	check off sth or check sth off	to look at each item on a list, or to write something next to each item on a list, in order to make sure that everything or everyone on it is correct, present, or has been dealt with
32	come across	if an idea or an emotion comes across in writing, film, music, or when someone is speaking, it is expressed clearly and people understand it or notice it
32	count against sb/sth	to make someone or something more likely to fail
32	count towards sth	to be part of what is needed in order to complete something or achieve something
32	cream off sb or cream sb off	to separate the cleverest or most skilful people from a group and treat them differently
32	cross off sth or cross sth off (sth)	to remove a word from a list by drawing a line through it
32	get into sth	to succeed in getting a place at a school, college, or organisation
32	go on to sth	to start to do something after you have finished something else
32	leave behind sb or leave sb behind	to make progress much faster than someone else
32	major in sth	US & Australia to study something as your main subject at university
32	put sb through sth	to pay for someone to study at college or university
32	scrape through (sth)	to manage with a lot of difficulty to succeed in something [e.g. exam]
32	skim through sth	to read quickly without studying the details
32	be snowed under	informal to have so much work that you have problems dealing with it
32	tick off sth or tick sth off	to mark something with a tick
33	allow for sth	to take something into consideration
33	carry out sth or carry sth out	to complete a task
33	draw on sth	to use information from somewhere
33	finish off	to end or complete something
33	follow up sth or follow sth up	to find out more about something
33	get down or get sth down	to manage to write down a series of spoken points
33	get the most out of sb/sth	to take maximum benefit from something
33	look at sb/sth	to focus on somebody/something
33	put together sth or put sth together	to prepare, or organise something
33	read up on sb/sth	to do background reading on
33	set out	to begin something with a specific aim
33	sketch out sth or sketch sth out	to roughly plan something
33	to start with	begin
33	think through sth or think sth through	to plan carefully
33	type up sth or type sth up	to rewrite in full using a computer
33	weigh up sth or weigh sth up	to think about something carefully, comparing
34	aim at sth/doing sth	to intend to achieve something, or to be intended to achieve something
34	cater for sb/sth	to provide all the things that people need or want in a particular situation
34	consist of sth	to be formed from two or more things
34	detract from sth	to make something seem less good than it really is or than it was thought to be
34	devote sth to sth/doing sth	to use all of something, for example your life or your time, for a particular purpose
34	be founded on sth	to be based on a particular idea or belief
34	improve on sth	to do something in a better way or with better results than when it was done before
34	insist on sth/doing sth	to demand something and to make it clear that you will not accept anything else
34	interest sb in sth	to try to persuade someone that they want something
34	invest sth in sth	to use a lot of time or effort trying to achieve something or trying to make something successful
34	object to sb/sth/doing sth	to feel or say that you oppose or dislike something or someone
34	profit from sth/doing sth	to get an advantage from something
34	refer to sb/sth	if writing or information refers to someone or something, it describes or is about that person or thing
34	relate to sth	to be connected to a particular subject, or to be about a particular subject
34	sum up sb/sth or sum sth/sb up	if something sums up someone or something, it represents the most typical qualities of that person or thing
35	aim sth at sb	to intend something to influence someone, or to be noticed or bought by someone
35	bring in sb/sth or bring sb/sth in	if something, for example a company, brings people or business in, it attracts people, often encouraging them to buy products or services
35	bring out sth or bring sth out	to produce something to sell to the public
35	deal in sth	to buy and sell particular goods as a business
35	firm up sth or firm sth up	to make something [e.g. agreement, details, prices] more definite or less likely to change
35	head up sth or head sth up	to be in charge of an organisation
35	look after sth	to be responsible for dealing with something
35	set up sb or set sb up	to give someone the money that they need to start a business
35	sign up sb or sign sb up	to arrange for someone to sign a document stating that they will work for you
35	turn out sth or turn sth out	if a company or business turns out something, they make or produce it
36	cash up	British & Australian to count all the money taken by a shop or business at the end of the day
36	chip in (sth) or chip (sth) in	slightly informal to give an amount of money, especially when a group of people are giving money to pay for something together
36	clean out sb or clean sb out	informal if someone cleans you out, they take or use all the money you have, or if something expensive cleans you out, you spend all the money you have on it
36	come into sth	to get money from someone who has died
36	cough up (sth) or cough (sth) up	informal to provide money for something, especially when you are not very willing to do this
36	gobble up sth or gobble sth up	informal to use a lot of something, especially money
36	pay sth into sth	to put money into a bank account, often to save money for a particular purpose
36	plough back sth or plough sth back	to put money that you have earned into a business, in order to make the business bigger or better
36	put aside sth/sb or put sth/sb aside	to save money for a particular purpose
36	put by sth or put sth by	to save an amount of money in order to use it later
36	rent out sth or rent sth out	if you rent out something that you own [e.g. house], you allow someone to pay you money so that they can use it
36	roll in	if money or requests for money [e.g. bills] roll in, they arrive in large numbers
36	run through sth	if you run through money, you spend a lot of it very quickly
36	scrape by	manage to live when you do not have much money
36	set sb back (sth)	informal to cost someone a particular amount of money, usually a large amount of money
36	stake sth on sth/doing sth	to risk losing money or harming something important [e.g. reputation] if a plan does not succeed
37	block up sth or block sth up	to fill a hole so that nothing can pass through it
37	chuck away/out sth or chuck sth away/out	informal to get rid of something that is not needed any more
37	clean up after sb	to remove dirt someone has made, or to make a place tidy by putting things back where they belong
37	clear sth away or clear away sth	to remove things in order to make a place tidy
37	clear up after sb	to remove dirt someone has made, or to make a place tidy by putting things back where they belong
37	clutter up sth or clutter sth up	to fill something in an untidy or badly organised way
37	do out sth or do sth out	British & Australian to decorate or clean a room
37	have on sth or have sth on	if you have an electrical device [e.g. television, radio, iron] on, it is operating so that you can use it
37	lock up (sth) or lock (sth) up	to lock all the doors and windows of a building when you leave it
37	mop up (sth) or mop (sth) up	to use a cloth or a mop to remove a liquid that has been dropped or that has spread
37	part with sth	to give something away, usually when you do not want to
37	plump up sth or plump sth up	to make something [e.g. cushion, pillow] rounder and softer, especially by shaking it
37	pull sth	to close a door or window by pulling it towards you
37	push sth	to close a door or window by pushing it
37	settle in (sth/swh) or settle (sb) in	to begin to feel relaxed and happy in new surroundings
37	smarten up (sb/sth) or smarten sb/sth up	to make a person or a place look tidier
37	straighten up sth or straighten sth up	to make a place tidy
37	wash down sth or wash sth down	to clean a large object or surface [e.g. floor, walls] with a liquid
38	cast-offs	n clothes which have been given to somebody else because the first owner cannot use them any more
38	fling off sth or fling sth off	to remove very quickly
38	getup	n informal the particular clothing, especially when strange or unusual, that someone is wearing
38	let out sth or let sth out	to make a piece of clothing wider by removing the sewing from the side edges and then sewing closer to the edge of the material
38	let down sth or let sth down	to make a piece of clothing longer by removing the sewing from the bottom folded edge and then sewing closer to the edge of the material
38	pull on sth	to put on clothes quickly
38	roll up sth or roll sth up	to fold the edges of a piece of clothing that you are wearing [e.g. sleeves, trousers] in order to make them shorter
38	smooth down sth or smooth sth down	to press your hair or your clothes with your hands in order to make them flat
38	zip up sth or zip sth up	to fasten a piece of clothing by using its zip (= a long metal or plastic fastener), or to help someone close the zip on a piece of clothing they are wearing
39	bring together sb or bring sb together	to cause people to be friendly with each other, especially people who have argued with each other or who would not usually be friendly with each other
39	butter up sb or butter sb up	informal to be very nice to someone so that they will do what you want them to do
39	cheat on sb	informal to behave in a dishonest way towards your husband, wife, or usual sexual partner by having a sexual relationship with someone else
39	come between sb	if an argument or other problem comes between two or more people, it spoils their relationship
39	flirt with sb	to talk and behave towards someone in a way that is sexually attractive and which shows that person that you are sexually attracted to them
39	fuss over sb/sth	to pay too much attention to someone or something, especially because you want to show that you like them
39	go out together	to have a romantic relationship
39	hear from sb	to receive news or information from someone, usually by letter or telephone
39	have/had heard of sb/sth	to know a little about someone or something because you have read, seen, or been told something about them before
39	know of sb/sth	to have heard of someone or something and to be able to give some information about them, but not very much
39	be mixed up with sb	to be involved with someone who has a bad influence on you
39	patch up sth or patch sth up	to try to improve your relationship with someone after an argument
39	strike up sth	to start a conversation or relationship with someone
39	suck up to sb	informal to try to make someone who is in a position of authority like you by doing and saying things that will please them
39	warm to sb	to start to like someone
40	bore into sb	if someone's eyes bore into you, they look at you very hard and make you feel nervous
40	descend to sth/doing sth	to behave badly in a way that other people would not expect you to
40	draw out sb or draw sb out	to help someone who is shy to feel more confident
40	grow out of sth	if a child grows out of an interest, way of behaving, or illness, they stop having or doing it because they have become older
40	have sb down as sth	to think that someone is a particular type of person, especially when they are not in fact like that
40	light up (sth) or light (sth) up	if your face or eyes light up, or if something [e.g. smile] lights them up, you suddenly look very happy or excited
40	screw up sb or screw sb up	informal to make someone feel confused or unhappy about themselves and their life
40	shine through (sth)	if a quality that someone has shines through or shines through something, that quality is very easily noticed
40	toughen up	to become stronger and more able to deal with problems, or to make someone become this way
40	vouch for sb	to say that you know someone and that you can promise that they have a good character or good skills
41	bowl over sb or bowl sb over	to surprise or please someone a lot
41	brim with sth	to have or show a lot of a good emotion or good quality
41	not care for sth/sb	formal to not like something or someone
41	choke back/down sth or choke sth back/down	to force yourself not to show your feelings
41	come over sb	if a feeling comes over you, you suddenly experience it
41	feel up to sth/doing sth	to feel physically and mentally strong enough to do something
41	fight back sth or fight sth back	to try hard not to show an emotion, or to try hard not to let your emotions control what you do
41	go out to sb	if your thoughts or sympathies go out to someone, you feel very sorry for them when they are in a difficult situation
41	have sth against sb/sth	to dislike or disagree with someone or something for a particular reason
41	loosen up	to relax mentally
41	perk up (sb) or perk (sb) up	to suddenly become happier or more energetic, or to make someone feel this way
41	run away with sb	if something [e.g. emotion, imagination, enthusiasm] runs away with someone, it makes them do or think stupid things
41	shake up sb or shake sb up	if an unpleasant experience shakes someone up, it makes them feel shocked and upset
41	snap out of sth	informal to force yourself to stop feeling sad and upset
41	spill out (sth) or spill (sth) out	if you spill out an emotion or if emotion spills out, you express it, usually by talking in an uncontrolled way
41	turn (sb) against sth/sb	to decide not to like or agree with someone or something, or to make someone do this
41	work yourself into sth	to make yourself become very angry or upset
42	drop by	British & Australian informal to make a short visit to someone in their home, usually without arranging it before
42	get-together	n an informal meeting or party
42	go on to swh	to go to a particular place after going somewhere else
42	hang out	informal to spend a lot of time in a particular place, or to spend a lot of time with someone
42	hook up	US informal to meet someone for a particular purpose
42	move away	to leave the place or area where you live and go and live in another place
42	pass by (swh)	British to visit somewhere for a short time, usually while you are going somewhere else
42	roll up	to arrive at a particular place or event, usually late
42	shoot off	British & Australian informal to leave somewhere very quickly
42	sleep off sth or sleep sth off	to sleep until you feel better, especially after too much alcohol
42, 60	take out sb or take sb out	to go somewhere and do something with someone, usually something that you have planned or paid for
42	treat sb to sth	to buy or pay for something for someone else
42	turn away sb or turn sb away	to refuse to allow someone to enter a place, usually because there is no more space
43	break out in/into sth	if you break out in a sweat, it suddenly appears on your skin
43	build up sb or build sb up	to make someone healthier and stronger after an illness, especially by making sure that they eat a lot
43	bunged-up	adj slightly informal blocked nose
43	burn out or burn yourself out	informal to have to stop working because you have become ill or very tired from working too hard
43	come off sth	to stop using medicine or drugs
43	go around (swh)	if an illness goes around, a lot of people get it
43	heal up	if a wound heals over, new skin grows over it
43	nod off	informal to fall asleep when you do not intend to go to sleep
43	put sb on sth	to give someone a particular type of medical treatment or food
43	take sth out of sb	informal to make someone feel very tired
43	throw off sth or throw sth off	to succeed in getting rid of a slight illness
43	tire out sb or tire sb out	to make someone very tired
43	washed out	adj if someone looks washed out, they look tired, pale and ill
43	wipe out sb or wipe sb out	informal to make someone extremely tired
44	bend down	to move the top part of your body towards the ground
44	curl up	to lie or sit with your back curved and your knees close to your stomach
44	double (sb) over/up	to suddenly bend your body forwards because you are laughing a lot or you are in pain
44	huddle up	to move close to other people, or to hold your arms and legs close to your body, usually because you are cold or frightened
44	loosen up (sth) or loosen (sth) up	to prepare your body or muscles for a physical activity by stretching and doing simple exercises
44	pick yourself up	to stand up again after you have fallen
44	stick out sth or stick sth out	to push part of your body forward or out from the rest of your body
44	stretch out sth or stretch sth out	to hold a part of your body straight out in front of you
44	swing around/round	to suddenly turn around so that you can see someone or something behind you
44	tense up	if you tense up or your muscles tense up, your muscles stiffen because you are not relaxed
44	thaw out	if someone thaws out, they become warmer after they have been outside and have got very cold
44	warm up	to prepare your body muscles for a physical activity by stretching and doing simple exercises
44	waste away	to gradually get thinner and weaker, usually because of illness
45	blurt out sth or blurt sth out	to say something suddenly and without thinking, especially because you are excited or nervous
45	bombard sb with sth	to direct a lot of something [e.g. questions, letters] at one person
45	clam up	informal to become silent or to refuse to speak about something, usually because you are shy or afraid
45	drag sth out of sb	to make someone tell you something that they do not want to tell you
45	engage sb in conversation	if you engage someone in conversation, you try to start a conversation with them
45	expand on sth	to give more details about something you have said or written
45	explain away sth or explain sth away	to give a reason for something bad happening which makes other people think that it is not so bad or that it is not your fault
45	go on at sb	to criticise someone continuously
45	hold forth	to talk about a particular subject for a long time, often in a way that other people find boring
45	lead into sth	if a subject you are talking about or a discussion leads into another subject or discussion, it is the reason why you start talking about the second subject or start the second discussion
45	put sth to sb	to ask someone a question, or to state an opinion to someone which they are likely to disagree with
45	reel off sth or reel sth off	to say a long list of things quickly and without stopping
45, 51	sound out sb/sth or sound sb/sth out	to talk to someone in order to discover what they think about an idea or plan
45	talk at sb	to talk to someone without listening to them or allowing them to speak
45	witter on	British informal to talk for a long time about unimportant things
45	wring sth out of sb	to force or persuade someone to give you money or information
46	clear out	informal to leave a place
46	double back	to turn and go back in the direction that you have come from
46	draw back	to move away from someone or something, usually because you are surprised or afraid
46	drop back	if you are moving forward in a group of people and you drop back, you move to a position nearer the back
46	gain on sb/sth	to get nearer to someone or something that you are chasing
46	hang back	to not move forwards, usually because you are shy or afraid
46	pile into swh	to enter a place or vehicle quickly and not in an organised way
46	pile out (of)	to leave a place or vehicle quickly and not in an organised way
46	push on	to continue travelling somewhere
46	squash up	if people who are sitting or standing together squash up, they move closer together in order to make space for someone else
46	stand back	to move a short distance away from something or someone
46	steal away	to leave a place quietly without anyone knowing
46	stumble on sth/sb	to find or meet by chance
46	trip over (sth)	to fall or almost fall because you have accidentally hit your foot against something while walking or running
46	walk in on sb	to go into a room and see what someone is doing when they did not want anyone to see them
46	zip along (sth)	informal to move very quickly
47	break off sth or break sth off	to separate a part from a larger piece
47	chase sb/sth off/out or chase off/out sb/sth	to run after a person or an animal in a threatening way in order to make them leave
47	die out	to become more and more rare and then disappear completely
47	dig up sth or dig sth up	to take something out of the ground by digging
47	dry out (sth) or dry (sth) out	to make something dry, or to become dry
47	eat away at sth	to gradually destroy something by continuously damaging it or taking little parts of it away
47	feed on sth	if an animal feeds on a particular type of food, it usually eats that food
47	fend for yourself	to take care of yourself without needing help from other people
47	flush out sb/sth or flush sb/sth out	to force a person or animal to come out of the place they are hiding in
47	offshoot	n plant which has developed from a larger plant
47	overcast	adj if the sky is overcast, it is grey and covered in cloud
47	prey on sth	to catch for food
47	pull up sth or pull sth up	to remove something from the ground
47	send out sth or send sth out	if a plant sends out something [e.g. roots, shoots], it grows
47	wash away sth or wash sth away	if water [e.g. rain, flood] washes something away, it carries it away
47	watch over sb/sth	to protect or take care of a person or animal
48	beat down	if the sun beats down, it shines strongly and makes the air very hot
48	blot out sth or blot sth out	if smoke or a cloud blots out the sun, it covers it and prevents it from being seen
48	break through (sth)	if the sun breaks through or breaks through the clouds, it starts to appear from behind the clouds
48	breeze in/into swh	to walk in quickly and confidently
48	breeze through sth	slightly informal to succeed in something [e.g. exam] very easily
48	fog up	if something made of glass [e.g. windscreen, glasses] fogs up, or if something fogs it up, it becomes covered with small drops of water and you cannot see through it any more
48	freeze out sb or freeze sb out	to make someone feel that they are not part of a group by being unfriendly towards them, or to stop someone from being included in an arrangement or activity
48	freeze up	become so afraid you cannot move or do anything
48	hold off	to not start, although you expect it to
48	mist over	if your eyes mist over, they become filled with tears which stop you from seeing clearly
48	mist over/up	if something made of glass [e.g. windscreen, glasses] mists up, or if something mists it up, it becomes covered with small drops of water and you cannot see through it any more
48	pelt down	informal to rain very heavily
48	steam up (sth) or steam (sth) up	if a glass surface steams up, or if something steams it up, it becomes covered with very small drops of water
48	storm out	to leave a place in an angry way
49	back onto sth	if a building backs onto something, its back faces that thing
49	blend in/into sth	if something or someone blends in, they look or seem the same as the things or people around them and so you do not notice them
49	boarded-up	adj covered with pieces of wood
49	be bursting with sth	to be very full with something
49	close off sth or close sth off	to put something across the entrance to something, in order to prevent people from entering it
49	dot sth with sth	if a place is dotted with something, it has many of them, all over the place
49	encroach on sth	to gradually cover more and more of an area of land
49	fall in	if a structure [e.g. roof, ceiling] falls in, it drops to the ground because it is weak or damaged
49	lay out sth or lay sth out	to design the way in which a house, city, or garden is built or created
49	mock-up	n a model showing how something will look when it is built
49	offset	adj if something is offset by something else it is compensated for
49	open off sth	if an area opens off another area, you can enter one from the other directly
49	reduce sth to sth	to destroy something that has been built [e.g. building, city]
49	run-down	adj shabby, in disrepair
49	be set back	if a building is set back, it is a little distance from the road
49	soak up sth or soak sth up	to enjoy the effects of an experience
49	be steeped in sth	to have a lot of (particularly tradition or history)
49	stretch out	if an area of land stretches out, it continues over a long distance
50	block in sb/sth or block sb/sth in	to put a car or other vehicle so close to another vehicle that it cannot drive away
50	blow out	if a car tyre blows out, it suddenly bursts
50	change down	British and Australian to put a vehicle into a lower gear (= part of a machine that controls the speed of a vehicle), usually in order to go slower
50	cut in	to suddenly drive in front of someone, not leaving enough space between the two vehicles
50	flag down sth or flag sth down	to make a vehicle stop by waving at the driver
50	knock over sb or knock sb over	to hit someone with a vehicle and injure or kill them
50	pick up sth	if you pick up speed, you suddenly start to go faster
50	pull over sb/sth or pull sb/sth over	if the police pull someone who is driving a car over, they order them to drive the car to the side of the road and stop
50	rev up sth or rev sth up	to make a vehicle’s engine work faster while the vehicle is not moving
50	stack up	if aircraft stack up, they fly over an airport at different heights waiting to be told they can land
51	call up sb or call sb up	to order someone to join the army, navy, or airforce
51, 52	confide in sb	to tell someone things that you keep secret from other people
51	dumb down sth or dumb sth down	to make something [e.g. textbook, curriculum] simpler and easier to understand
51	ferret out sth or ferret sth out	to find something after searching for it
51	get on to/onto sth	to be elected as a member of an organisation
51	give yourself up	to allow the police to catch you
51	head off sth or head sth off	to prevent a difficult or unpleasant situation from happening
51	hold out	to continue to defend yourself against an enemy or attack
51	join up	to join the army, navy, or airforce
51	leak out	if secret information leaks out, people who should not know this information find out about it
51	move (sb) in/into (swh)	to go to a place to deal with a difficult situation
51	pass off	British & Australian if an event passes off in a good way, it happens in that way
51	root out sth/sb or root sth/sb out	informal to search and find something or someone that is difficult to find
51	stake out sth or stake sth out	if the police or reporters stake out a building where someone is living or hiding, they watch the building continuously in order to see who is leaving or entering it
51	whip up sth	to try to make people feel strongly about something
51	worm sth out of sb	to manage to get information from someone which they are trying to keep secret
52	bear out sth/sb or bear sth/sb out	to prove that something that someone has said or written [e.g. claim, theory] is true, or to say that someone is telling the truth
52	catch out sb or catch sb out	to discover that someone is lying or doing something wrong
52	cover up (sth) or cover (sth) up	to stop people from discovering the truth about something bad
52	give-away	n something that makes you aware of a fact that someone else was trying to keep secret
52	hush up sth or hush sth up	to stop the public from finding out about something bad that has happened
52	level with sb	informal to tell the truth about something
52	make out sth	to claim falsely that something is true; to pretend
52	paper over sth	to hide a disagreement or difficulty and try to make people believe that there is no problem
52	play along	to pretend to agree with someone, or to do what someone wants for a short time, in order to get something from them or to avoid making them angry
52	spy on sb/sth	to watch secretly in order to discover information about them
53	abide by sth	to accept or obey an agreement, rule, or decision
53	adhere to sth	formal to obey a rule or principle
53	come under sth	to be controlled or dealt with by a particular authority
53	get (sth) through (sth)	if a law or proposal gets through, or if someone gets a law or proposal through, it is officially accepted by a government or organisation
53	go against sth	if something goes against a rule or something you believe in, it does not obey it or agree with it
53	impose sth on sb	formal to force a group of people to accept something, or to give someone a punishment [e.g. fine, ban]
53	inform on sb	to give information about someone who has done something wrong to a person in authority, especially the police
53	let off sb or let sb off	to not punish someone who has committed a crime or done something wrong, or to not punish someone severely
53	provide for sth	formal if a law or agreement provides for something, it allows it to happen or exist
53	roll out sth or roll sth out	to make a new product, service or system available for the first time
53	sign over sth or sign sth over	to give someone else your property or legal rights to something by signing an official document
53	throw out sth or throw sth out	if people in authority throw out a plan or idea [e.g. bill, proposal] they refuse to accept or use it
53	tighten up sth or tighten sth up	to make rules more limiting and more difficult to avoid
53	toughen up sth or toughen sth up	to make rules more limiting and more difficult to avoid
53	vote on sth	to make a decision about something [e.g. proposal, motion] by counting the number of people for and against it
54	drop-down menu	n a list of choices which appears on a computer screen
54	fade in	if the sound or picture of a film or recording fades in, or if you fade it in, it becomes gradually louder or brighter so that you can hear it or see it clearly
54	fade out	if the sound or picture of a film or recording fades out, or if you fade it out, it gradually becomes quieter or less clear until you cannot hear or see it any more
54	go on sth	to use a computer or the Internet, or to visit a website
54	go to (swh)	to click on a menu, a menu item, a particular web page or part of a page, or a link when using a computer
54	plug into sth	if a piece of electrical equipment plugs into a supply of electricity or another piece of electrical equipment, it works by being connected to that supply of electricity or that piece of equipment
54	pop-up adverts	n advertisements that open quickly on a computer screen in front of what you are working on
54	seize up	if part of your body or a machine seizes up, it stops moving or working in the normal way
54	set up (sth) or set (sth) up	to get all the necessary equipment ready for a particular activity
54	tune into sth	to turn on the radio or television in order to listen to or watch a particular programme
54	type in	to write something using a computer
54	wipe off sth or wipe sth off	to remove information stored on part of a computer [esp. memory, hard drive]
54	wire up sth/sb or wire sth/sb up	to connect something or someone to a piece of electrical equipment by using electrical wires
55	(not) agree with sb	if a type of food or drink does not agree with you, it makes you feel slightly ill
55	dip sth in (sth)	to quickly put something into something else and then take it out again, especially biscuits in tea or coffee
55	disagree with sb	if a type of food disagrees with you, it makes you feel slightly ill or uncomfortable
55	drink to sb/sth	to hold up your glass before drinking from it in order to celebrate something or to wish someone success or happiness
55	eat in	to have a meal at home, not in a restaurant
55	fill up sb or fill sb up	if food fills someone up, it makes them feel as if they have eaten enough
55	fry-up	n a quick meal made of fried food
55	gobble down/up sth or gobble sth down/up	informal to eat very quickly
55	help sb to sth	to put food onto a plate for yourself
55	pick at sth	to eat only a small amount of a meal because you are not hungry or because you are feeling ill
55	send out for sth	to telephone a restaurant and ask for food to be delivered to your home
55	serve up sth or serve sth up	to put food on plates and dishes for people to eat
55	slice up sth or slice sth up	to cut or divide something into parts
55	spill over (sth)	if the liquid in a container spills over, it flows over the edge of the container
55	wolf down sth or wolf sth down	to eat something very quickly because you are very hungry
56	come in for sth	if someone comes in for criticism or praise, they are criticised or praised for something they have done
56	come into (being)	to begin
56	come into it	if you say that a particular emotion or quality [e.g. pride, love, luck] comes into it when you are describing a situation, you mean that it influences the situation
56	come off better/worse	to end up in a good or bad position because of an argument or some kind of struggle
56	come out with sth	to say something suddenly
56	come through sth	to manage to get to the end of a difficult situation
56	come up against sth/sb	to have to deal with a difficult situation or someone who disagrees with you or tries to stop you doing what you want to do
56	come up to sth	to reach an acceptable or expected standard
57	get across sth or get sth across	to successfully communicate an idea to other people
57	get away with sth/doing sth	to succeed in not being criticised or punished for something wrong that you have done
57	get away with murder	to succeed in not being criticised or punished for something wrong that you have done
57	get back into sth	to begin doing something again after not doing it for a period of time
57	get back to basics	to start again at the beginning
57	get in sth or get sth in	to manage to do something even though you do not have much time because you are busy doing other things
57	get in on sth	informal to start to become involved in an activity that other people are already doing, often without being invited
57	get off sb’s back	to stop nagging someone
57	get off the ground	to get started
57	get sth out of sth/doing sth	to enjoy something or think that something is useful
57	get sth out of your mind	to stop thinking about something
57	get to the bottom of sth	to understand something properly, not superficially
57	get together	if two or more people get together, or if someone gets two or more people together, they meet in order to do something or spend time together
58	go after sb	to follow someone in order to catch them
58	go after/for sth	to try to get something that you want [e.g. job]
58	go around doing sth	if someone goes around doing something, they spend their time behaving badly or doing something that is unpleasant for other people
58	go back over sth	to examine or think about something again or after it has happened
58	go by sth	to use information or experience that you have of someone or something in order to help you decide what to do or what to think about that person or thing
58	go for sb	to attack someone
58	go forward	if someone's name goes forward, it is suggested that that person should compete for an elected position or job
59	keep (sb) ahead	to continue to be more advanced and successful than other people, or to make sure that someone is more advanced or successful than other people
59	keep at sth	to continue to do something (until it is finished)
59	keep back sth or keep sth back	to not tell someone everything you know about a situation or an event that has happened
59	keep sb/sth from doing sth	to prevent someone from doing something, especially work, by spending time with them
59	keep sb in	to make a child stay at school or at home, especially as a punishment
59	keep (sb) off sth	to not eat, drink or use something that can harm you
59	keep out of sth	to not become involved in something
59	keep sth to yourself	to keep something secret
59	keep sb up	to make someone go to bed later than they usually do
59	upkeep	n keeping a building in good condition, usually by providing money to repair it
60	intake	n the number of people who begin to study at a school, or who join an organisation at a particular time
60	take sb aback	if something takes you aback, you are very surprised by it
60	take along sb/sth or take sb/sth along	to take someone or something with you when you go somewhere
60	take away sb or take sb away	to take someone with you when you stay somewhere for a short time
60	take away from sth	to make something seem less good or successful
60	take sb off sth	to stop giving someone a particular type of medical treatment or food
60	take-off	n imitation
60	take out sb/sth or take sb/sth out	to kill someone, or to destroy something
60	take up sth (with) or take sth up (with)	to discuss something or deal with something
60	uptake	n the number of people who have committed themselves to something
