unit	collocation
52	have the ability to
51	abrupt end
51	absolute beginner
59	absolute favourite
6	absolutely absurd
6	absolutely alone
6	absolutely appalled
6	absolutely convinced
6	absolutely devastated
6	absolutely exhausted
6	absolutely impossible
6	absolutely miserable
6	absolutely ridiculous
6	absolutely stupid
6	absolutely wrong
23	absorbed in a book
35	drug abuse
3	accept an offer
20	accept someone’s proposal
58	fully accept
11	gain access
2	have access to
47	speedy access
9	have an accident
60	receive critical acclaim
14	budget accommodation
21	short-let accommodation
21	suitable accommodation
58	deny an accusation
58	face an accusation
58	openly accuse
58	wrongly accuse
26	dull ache
3	aches and pains
25	achieve a personal best
11	achieve success
11	achieve your aims
25	achieve your ambition
11, 30	achieve your goals
52	crowning achievement
52	remarkable achievement
32	acknowledge your sources
58	widely acknowledged
28	acquire a qualification
45	acquired taste
45	acrid smoke
19	acrimonious divorce
34	act as a deterrent
34	act within the law
35	act of terrorism
38	army goes into action
47	swift action
9	take action
38	peace activist
25	do activities
54	acute hearing
54	acute sense of smell
4	acutely embarrassing
26	acutely painful
43	add colour to
21	add an extension
22	food additives
48	exchange addresses
49	address someone politely
48	make an adjustment
59	fill someone with admiration
15	admire the view
59	keen admirer
48	adopt an approach
33	adopt a position
24	adoring fan
11	gain an advantage
9, 52	take advantage of
53	adverse effect
58	contradictory advice
2	piece of advice
57	take someone’s advice
57	strongly advise
25	do aerobics
25	go to aerobics
20	have an affair
53	affect someone deeply
6	deeply affected
21	affordable housing
31	after-sales service
14	travel agent
40	take someone ages
55	agree to differ
55	agree up to a point
55	entirely agree
55	tend to agree
55	wholeheartedly agree
55	be in agreement
55	in complete agreement
38	negotiate a peace agreement
55	unanimous agreement
40	have a great future ahead
26	be diagnosed with AIDS
26	develop AIDS
26	minor ailment
26	trivial ailment
50	wander aimlessly
5	board an aircraft
21	light, airy bedrooms
14	aisle seat
40	alarm goes off
53	cause alarm
41	cry of alarm
40	set your alarm
24	album features
24	debut album
24	release an album
38	all-out war
59	all-time favourite
58	deny an allegation
58	make an allegation
58	serious allegation
3	alleviate pain
26	alleviate the pain
39	alleviate poverty
34	rules allow
41	almighty bang
41	almighty explosion
56	leave someone alone
10	live alone
10	travel alone
6	utterly alone
55	go along with an idea
55	go along with a view
48	make a slight alteration
48	have clothes altered
26	develop Alzheimer’s disease
46	considerable amount
46	enormous amount
42	large amount
46	minute amount
46	significant amount
42	small amount
46	substantial amount
46	surprising amount
46	tiny amount
33	draw an analogy
10	ancient history
1	ancient monument
10	ancient times
21	mounting anger
21	seething with anger
4	surge of anger
50	stride angrily
8	become angry
8	get angry
30	answer the phone
47	quick answer
10	antique furniture
10	antique jewellery
27	anti-virus software
53	cause anxiety
21	increasingly anxious
56	poles apart
21	newly-built apartment
49	apologise profusely
6	utterly appalled
18	have a striking appearance
18	youthful appearance
22	healthy appetite
22	spoil your appetite
60	round of applause
60	thunderous applause
28	send in an application
28	submit an application
19	apply for custody of
30	apply for a job
34	regulations apply to
34	rules apply to
30	keep an appointment
30	make an appointment
55	appreciate someone’s point of view
60	heartily approve
60	warmly approve
25	do archery
59	ardent fan
16	conservation area
16	deprived area
43	grey area
16	inner-city area
42	neighbouring area
16	no-go area
16, 21	residential area
33	argue convincingly
6	argue strongly
58	back up an argument
55	enter into an argument
29	follow your argument
9	have an argument
55	heated argument
32	powerful argument
33	put forward an argument
32	set out an argument
55	differences arise
38	join the army
45	distinctive aroma
37	throw money around
21	arouse feelings
30	arrange a meeting
7	make arrangements for
14	travel arrangements
57	arrive at a decision
46	arrive at a total of
26	develop arthritis
24	rap artist
6	deeply ashamed
49	ask someone a favour
46	keep asking
17	aspect of someone’s personality
33	assess the significance of
28	continuous assessment
28	do an assignment
28	write an assignment
56	make an assumption
26	have an attack of asthma
26	suffer from asthma
47	go astray
39	asylum seeker
39	political asylum
39	seek political asylum
25	do athletics
12	atmosphere lightens
16	relaxed atmosphere
23	book captures (an atmosphere)
23	film captures (an atmosphere)
56	attach importance to
27	open an attachment
8	have a heart attack
26	have an attack of bronchitis
26	have an attack of diarrhoea
26	have an attack of hay fever
8	suffer a heart attack
28	attend a lecture
36	attract attention
33	draw attention to
29	hold their attention
29	keep their attention
9	pay attention
44	attitude hardens
44	attitude softens
53	attract criticism
53	attract interest
53	attract support
24	capture a wider audience
29	connect with your audience
26	be diagnosed with autism
23	download an audiobook
21	available to rent
30	available to start work
48	become available
16	avenue runs
16	tree-lined avenue
59	huge aversion
59	strong aversion
38	avert war
11	win an award
28	be awarded a degree
28	be awarded a diploma
4	fully aware
53	create awareness
25	away match
5	pretty awful
5	axe jobs
41	babbling stream
19	baby is due
48	change the baby
19	expecting a baby
8, 19	have a baby
19	confirmed bachelor
27	back issues
60	pat on the back
27	back up your files
26	suffer from backache
24	background music
41	background noise
53	create a bad impression
23	give a book a bad review
23	give a film a bad review
45	leave a bad taste in your mouth
53	make a bad impression
5	badly need
52	go badly wrong
21	let someone down badly
25	play badminton
39	disturb the ecological balance
47	lose your balance
26	balanced diet
8, 18	go bald
25	take possession of the ball
40	bang on time
41	loud bang
13	river bursts its banks
31	go bankrupt
16	lively bar
25	play baseball
23	based on a story
56	evidence is based on
21	basement flat
2	run a bath
38	battle rages
38	decisive battle
34	hard legal battle
58	long-running battle
38	lose a battle
38	running battle
11	win a battle
5	battle against floods
15	beach stretches
15	secluded beach
15	sandy beach
43	beam of light
5	bear the cost
17	bear a grudge
11	beat an opponent
11	beat a team
25	narrowly beaten
23	beautifully written
8	become bored
8	become depressed
8	become excited
8	become extinct
1, 8	become famous
8	become homeless
8	become impatient
8	become involved
8	become popular
8	become pregnant
48	become successful
8	become unpopular
8	become upset
8	become violent
44	firm bed
44	hard bed
44	soft bed
48	change the beds
23	bedtime reading
23	beginning of a book
23	beginning of a film
51	mark the beginning of the end
10	universe begins
56	popular belief
56	unshakeable belief
56	set of beliefs
56	have reason to believe
56	firmly believe
6	strongly believe
56	great believer in
34	bend the rules
15	round a bend
2	sharp bend
53	beneficial effect
30	generous benefits
52	bring out the best
7	do your best
31	put in a bid
42	big brother
10, 57	big decision
24	big hit
1	big meal
37	big money
10	big problem
40	big time
23	the big screen
60	give someone a big clap
25	play billiards
46	rare bird
41	birds sing
46	birth rate
13	biting wind
45	bitter coffee
55	bitter dispute
19	bitter divorce
1	bitterly cold
6, 60	bitterly criticise
1, 6, 21	bitterly disappointed
6	bitterly disappointing
6	bitterly regret
6	bitterly resent
6, 49	complain bitterly
6	cry bitterly
6	weep bitterly
43	blacken someone’s name
54	mind goes blank
13	blanket of fog
13	blanket of mist
41	music blares (out)
41	radio blares (out)
24	music blasts out from
12	blaze of glory
12	blaze of publicity
15	bleak landscape
60	give your blessing
8	go blind
4	blissfully unaware
15	block the view
19	blood relative
54	blot out a memory
25	blow the whistle
13	wind blows
13	blow down fences
43	pale blue
44	blunt knife
44	blunt pencil
14	board a plane
14	boat trip
29	body language
45	body odour
23	book comes out
23	book deals with
23	book review
23	book reviewer
23	end of a book
23	engrossed in a book
42	fat book
23	flick through a book
23	recommend a book
23	review a book
23	skim through a book
42	slim book
14	fully booked
4	economy booms
5	bored stiff
8	get bored
25	go bowling
25	play bowls
23	box-office hit
44	bread goes hard
13	break in the clouds
9	have a break
48	break a habit
34	break the law
41	break the silence
25	break the world record
36	news breaks
36	story breaks
36	talks break down
35	break into a house
38	war breaks out
22	hearty breakfast
47	leisurely breakfast
47	at breakneck speed
52	make a breakthrough
26	develop breast cancer
26	be diagnosed with breast cancer
29	breathe deeply
15	breathtaking scenery
1, 39	breed crime
4, 49	brief chat
33	briefly summarise
4, 43	bright colour
43	bright yellow
30	brilliant career
52	brilliant success
51	bring something to an end
53	bring about the collapse
53	bring about the downfall
38	bring about peace
53	bring about a revolution
53	bring about a transformation
25	bring on a substitute
19	bring up children
19	bring up a family
47	brisk business
47	brisk efficiency
47	brisk pace
47, 50	brisk walk
50	walk briskly
18	broad hips
18	broad shoulders
32	broadly support
14	travel brochure
19	broken home
42	little brother
17	brutally honest
31	balance the budget
13	destroy buildings
21	dilapidated building
16	imposing building
10	old building
16	quaint old building
16	run-down building
42	tall building
29	bullet points
16	bumper-to-bumper traffic
14, 44	bumpy flight
44	bumpy road
35	spate of burglaries
12	cheeks burn with embarrassment
57	burning desire
4	burst into tears
9	take a bus
18	bushy eyebrows
31	business is booming
14	business travel
14	business trip
31	go into business
31, 52	go out of business
31	run a business
31	set up a business
5	start up a business
31	business would fold
31	businesses are going under
22	first-time buyer
16	pavement café
38	call a ceasefire
38	call a truce
2	give someone a call
7	make a phone call
30	field telephone calls
23	cameo role
36	launch a campaign
14	camping trip
26	develop cancer
26	develop lung cancer
26	be diagnosed with cancer
26	be diagnosed with lung cancer
43	candle flickers
5	raise capital
36	take captive
1	fast car
10	start a car
35	steal a car
25	play cards
6	care deeply
2	take care of
30	at the height of your career
30	at the peak of your career
30	career fair
30	career lasts
30	career spans
30	career takes off
30	climb the career ladder
30	embark on a career
30	glittering career
30	have a career in
30	promising career
30	ruin someone’s career
30	wreck someone’s career
4	tread carefully
11	carry a mobile phone
11	carry a suitcase
34	carry out an investigation
28	carry out a research project
32	carry out a study
30	carry out work
33	make a case for
33	present a case for
34	win a case
56	cast doubt on
23	cast a film
43	cast a shadow over
4	ginger cat
26	catch a chill
26	catch a cold
36	catch fire
26	catch (the) flu
15	catch a glimpse of
26	catch pneumonia
15	catch sight of
24	catchy tune
33	fall into a category
59	cater for someone’s tastes
10	raise cattle
53	cause chaos
53	cause concern
1	cause crime
13	cause damage
53	cause a lot of damage
53	cause embarrassment
53	cause havoc
3	cause pain
53	cause a sensation
53	cause an uproar
53	immediate cause
53	underlying cause
50	pick your way cautiously
31	cease trading
20	cement a friendship
23	central character
32	play a central role
40	early 21st century
49	challenge someone directly
32	challenge a theory
57	be given the chance
9	take a chance
48	change your clothes
48	change doctors
48	change jobs
48	change your mind
37	change money
48	change places
48	change seats
48	change schools
48, 49	change the subject
39	climate change
53	effect a change
42	major change
7	make a change
7	make changes
42	minor change
47	rapid change
23	closing chapters
23	opening chapters
17	reveal your true character
17	strength of character
10	charge a phone
30	take charge of
58	deny charges
29	bar chart
29	pie chart
14	charter flight
2, 9	have a chat
37	go cheap
6	ridiculously cheap
18	chubby cheeks
45	foul-smelling chemicals
25	play chess
39	child labour
8	have a child
10	only child
19	have children
10, 19	raise children
39	street children
21	chilly corridor
57	face a difficult choice
57	have a choice
7, 57	make a choice
57	tough choice
2	wise choice
44	coarsely chopped
44	finely chopped
44	choppy sea
44	choppy water
48	convert to Christianity
23	see a film at the cinema
25	do circuit training
16	city skyline
16	inner city
16	sprawling city
58	claims are unfounded
58	deny a claim
58	reject a claim
58	substantiate a claim
32	support a claim
43	colours clash
55	head-on clash
28	class is held
54	clean forget
32	clear illustration
59	clear preference
49	make it clear
58	clearly imply
58	state clearly
41	clicking sound
25	go climbing
10	close a conference
10	close a discussion
10	close a meeting
10	close your mouth
51	draw to a close
19	close family
20	close friend
51	close finish
42	at close range
19	close relative
30	close team
36	close watch
19	close-knit family
30	work closely with
23	closing scenes
11	take clothes with you
27	cloud storage
13	thick cloud
16	fashionable club
54	give someone a clue
44	coarse grain
18	coarse hair
44	coarse joke
16	cobbled street
13	freezing cold
1, 26	heavy cold
26	slight cold
43	colour fades
43	colour goes well with
43	colour runs
43	subdued colour
43	touch of colour
56	colour someone’s judgement
35	combat crime
39	combat poverty
15	come into view
55	come to a compromise
57	come to a decision
51	come to an end
47	come to a standstill
17	come to terms with
46	come to a total of
54	memories come flooding back
13	fog comes down
13	mist comes down
52	come in useful
36	news comes in
60	come in for criticism
23	film comes out
25	come up against fierce competition
25	come up against intense competition
16	comfortable suburbs
7	make a comment
7	make comments
35	commit an offence
32	commit plagiarism
6	deeply committed
35	common criminal
42	within commuting distance
5	major companies
4	company expands
4	company grows
4	company merges
17	good company
33	make a comparison
25	enter a competition
25	go in for a competition
25	round of a competition
25	stage of a competition
31	stiff competition
6	extremely competitive
6	highly competitive
3	complain of pain
46	continual complaining
28	complete a course
30	complete work
54	completely forget
21	completely refurbished
18	lovely complexion
44	rough complexion
44	smooth complexion
9	pay a compliment
34	comply with the regulations
24	compose a piece
55	reach a compromise
23	compulsive reading
27	computer crashes
47	fast computer
27	hack into someone’s computer
25	play computer games
6	deeply concerned
32	concise summary
56	lead someone to conclude
33	draw a conclusion
47	hasty conclusion
47	speedy conclusion
60	severely condemn
6	strongly condemn
60	universal condemnation
60	wholesale condemnation
21	widespread condemnation
13	freak weather conditions
24	conduct an orchestra
28	conduct a research project
17	supremely confident
50	stride confidently
55	conflict of opinion
60	warmly congratulate
60	offer your congratulations
14	connecting flight
32	establish a connection
34, 53	suffer the consequences
57	consider the options
42	considerable distance from
46	considerable number
33	take into consideration
56	considered opinion
60	constant criticism
46	constant interruptions
3	constant pain
46	remain constant
20	keep in contact
20	lose contact
31	win a contract
26	contract a disease
26	contract malaria
26	contract typhoid
58	contradictory evidence
58	run contrary to
2	sharp contrast
52	make a contribution
7, 32	make a contribution to
32	significant contribution
52	useful contribution
11	gain control
36	seize control
36	controversial decision
6	extremely controversial
6	highly controversial
55	controversy rages
55	controversy exists
12	conversation flows
49	get into a conversation
9	have a conversation
12	heated conversation
49	join in a conversation
49	make polite conversation
47	steer the conversation
49	strike up a conversation
35	convicted criminal
35	conviction for robbery
6	utterly convinced
22	Chinese/Mexican/French cooking
7	do the cooking
27	copy and paste
29	core message
15	turn a corner
21	cosy study
60	counter criticism
39	developing country
42	neighbouring country
15	destroy the countryside
15	peaceful countryside
15	surrounding countryside
15	tranquil countryside
15	unspoilt countryside
21	happy couple
2, 28	do a course
2, 28	enrol on a course
28	leave a course
28	take a course
28	withdraw from a course
19	distant cousin
19	second cousin
42	cover a distance of x kilometres
49	crack a joke
5	crack down
41	crackling sound
21	cramped room
41	waves crash
47	slow to a crawl
8	go crazy
44	creamy texture
4	create opportunities
53	create problems
60	give credit
60	take full credit for
25	play cricket
35	crime figures
35	crime rate
35	crime wave
38	fight crime
35	fight against crime
35	juvenile crime
35	petty crime
35	street crime
35	tackle crime
35	target serious crime
35	vehicle crime
38	war on crime
35	criminal record
35	hardened criminal
13	crisp snow
23	film critic
60	harsh critic
60	outspoken critic
60	highly critical
60	sharply critical
60	fiercely criticise
60	roundly criticise
60	dismiss criticism
60	harsh criticism
60	respond to criticism
39	crop fails
10	grow crops
44	crushed garlic
41	cry of pain
41	cry of surprise
41	give a cry
41	give a loud cry
41	piercing cry
22	Chinese/Mexican/French cuisine
22	international cuisine
46	unit of currency
19	give custody
19	grant custody
31	cut-throat competition
25	go cycling
5	cyclists dismount
7	do damage
39	irreparable damage
46	widespread damage
10	damaged sofa
26	damaged wings
45	smell danger
12	dark days
43	dark green
18	dark hair
12	dark thoughts
12	dark times
8	go dark
43	grow dark
43	pitch dark
12	expression darkens
12	eyes darken
12	face darkens
25	play darts
52	dash someone’s hopes
40	from dawn till dusk
14	day trip
11	spend a day
12	sunny day
60	dazzling production
40	dead on time
30	dead-end job
8	go deaf
41	deafening noise
41	deafening sound
31	do a deal
37	get a really good deal
42	great deal of
42	great deal of energy
42	great deal of enthusiasm
42	great deal of money
31	strike a deal
23	film deals with
42	dear little
39	death toll
34	face the death penalty
12	heated debate
39	debt repayment
22	decent meal
57	defend your decision
47	hasty decision
1, 2, 4, 7, 57	make a decision
57	put off making a decision
47	quick decision
57	sensible decision
17	snap decisions
57	take a decision
57	unanimous decision
57	wise decision
38	declare war
46	decline in the number of
47	rapid decline
59	dedicated fan
59	deep hatred
59	deep-rooted hatred
53	deeply affect someone
6	deeply care
6	deeply hurt
6	deeply moved
6	deeply regret
6	deeply religious
6	deeply shocked
6	deeply unhappy
11	defeat an opponent
11	defeat a team
25	narrowly defeated
32	strenuously defend
57	degree of uncertainty
28	do a degree
28	get a degree
28	obtain a degree
2, 28	study for a degree
28	take a degree
49	delicate subject
30	demanding job
2	make demands on
53	spark off demonstrations
13	dense fog
15	dense forest
58	deny a rumour
6, 58	strongly deny
39	deplete the ozone layer
21	deeply depressed
8	get depressed
19	deprived home
39	deprived region
25	deserve to win
60	justly deserve
60	richly deserved
39	desperate need
2	desperately jealous
10	desperately lonely
20	desperately in love
21	desperately sad
25	desperately want
2	desperately worried
32	go into great detail
13	weather deteriorates
47	make a detour
47	take a detour
6	utterly devastated
39	devastating famine
39	devastating flood
26	develop diabetes
20	develop a friendship
45	develop a taste for
36	news develops
26	be diagnosed with leukaemia
13	wind dies down
56	difference of opinion
42	major difference
42	minor difference
2	sharp difference
55	differences exist
55	settle your differences
50	different walk of life
9	have difficulty
42	major difficulty
42	minor difficulty
28	do a diploma
28	get a diploma
28	obtain a diploma
28	study for a diploma
28	take a diploma
53	direct result
55	disagree fundamentally
33	disagree profoundly
55	tend to disagree
55	fundamental disagreement
21	express your disappointment
21	huge disappointment
60	express your disapproval
60	frown of disapproval
60	look of disapproval
60	show your disapproval
60	strongly disapprove of
60	thoroughly disapprove of
52	be a recipe for disaster
39	natural disaster
58	disclaim responsibility
12	heated discussion
2	lead a discussion
49	lengthy discussion
46	rare disease
18	dishevelled hair
59	instant dislike
6	strongly dislike
9, 59	take a dislike to
5	dispose of items
55	settle a dispute
42	long distance from
42	short distance from
42	travel a distance of x kilometres
42	within walking distance
40	in the not too distant future
19	distant relative
33	draw a distinction between
2	sharp distinction
54	distinctly remember
56	opinions are divided
19	get a divorce
2	get divorced
2	do your duty
28	do an essay
28	do an exam
7, 25	do exercises
7	do an experiment
7	do someone a favour
7	do someone a good turn
25	do gymnastics
7	do your hair
7	do harm
28	do homework
7	do your homework
7	do the ironing
25	do judo
28	do a lecture
32	do research
28	do a research project
2	do some shopping
7	do the shopping
25	do sport
28	do a subject
28	do a talk
7	do the washing
25	do weightlifting
2, 7	do some work
25	do wrestling
25	do yoga
21	do up an old house
58	leak a document
14	domestic flight
15	dominate the landscape
25	play dominoes
37	donate money to
52	doomed to failure
56	have doubts
23	download an e-book reader app
27	download applications
28	final draft
28	first draft
46	dramatic fall
52	dramatic improvement
46	dramatic rise
15	dramatic setting
21	draughty hall
33	draw parallels
5	pretty dreadful
21	dream home
9	have a dream
11	wear a dress
22	refreshing drink
22	soft drink
13	driving rain
13	driving snow
18	droopy moustache
49, 58	drop a hint
25	drop a player
46	drop in the number of
2	sharp drop
25	fail a drugs test
44	dry hair
44	dry skin
5	pretty dull
18	dumpy woman
2	dying of hunger
41	ear-splitting noise
41	ear-splitting sound
54	earliest memory
51	early start
6	ridiculously early
30	take early retirement
37	earn a good salary
11, 37	earn money
11	earn a salary
3	ease pain
2	ease the pain
24	easy listening
23	easy read
29	easy to read
50	easy walk
2	extremely easy
6	ridiculously easy
26	healthy eating
39	economic migrant
39	global economy
6	highly educated
28	further education
28	get an education
28	higher education
28	receive an education
28	tertiary education
41	eerie silence
53	have an effect
53	have an effect on
53	huge effect
42	major effect
42	minor effect
53	negative effect
53	positive effect
53	produce the opposite effect
52	effective way
6	extremely effective
6, 52	highly effective
23	special effects
1, 2, 7	make an effort
10	elderly person
11	win an election
46	unit of electricity
5	embark upon an explanation
4	surge of emotion
21	emotional impact
21	emotional involvement
21	emotional response
21	emotional wreck
21	highly emotional
33	lay emphasis on
21	life feels empty
50	walking encyclopaedia
23	end of a film
51	end result
51	perfect end
10	end a relationship
10	film ends
51	holiday ended
51	journey ended
51	meal ended
51	trip ended
24	have a happy ending
34	enforce the law
1	powerful engine
25	enhance your performance
52	enjoy the fruits of
15	enjoy a view
2	really enjoy
59	great enjoyment
59	sheer enjoyment
46	enormous number
2	lead an enquiry
14	in-flight entertainment
2	university entry
15	protect the environment
30	stimulating working environment
39	eradicate poverty
39	escape poverty
28	give the teacher an essay
28	hand in an essay
28	write an essay
19	estranged husband
19	estranged wife
27	evaluate critically
46	even number
36	turn of events
2	try every possible way
32	gather evidence
32	provide evidence
32	supporting evidence
19	ex-husband
19	ex-wife
52	fail an exam
52	pass an exam
28	sit an exam
2, 28	take an exam
50	walk an exam
2	perfect example
52	excellent grasp of
41	excessive noise
48	exchange ideas
48	exchange money
8	get excited
26	excruciating pain
7	make an excuse
26	take exercise
26	vigorous exercise
16, 39	exhaust fumes
6	utterly exhausted
47	hasty exit
2	lead an expedition
6	ridiculously expensive
9	have an experience
30	have experience in
54	unforgettable experience
3	experience pain
5	launch into an explanation
32	tentative explanation
39	sexual exploitation
41	loud explosion
19	extended family
5	extremely keen
6	extremely likely
6	extremely profitable
6	extremely successful
6	extremely unlikely
6	extremely unusual
12	eyes light up
12	eyes shine
29	maintain eye contact
29	make eye contact
12	face lights up
12	face shines
18	oval face
18	pointed face
54	remember someone’s face
18	round face
12	sunny face
12	tears stream down someone’s face
34	face a fine
4, 32	key factor
42	major factor
42	minor factor
45	foul-smelling factory
54	memories fade
52	spectacular failure
43	faint glow
18	fair hair
34	fair trial
8	fall ill
20	fall in love
15	fall into ruin
46	fall sharply
8	fall silent
46	fall steeply
46	rate falls
5	falling profits
50	faltering steps
15	familiar landscape
19	immediate family
19	loving family
19	nuclear family
19	provide for your family
19	raise a family
19	respectable family
19	start a family
14	family-run hotel
42	far-flung places
42	far-off places
1	fast food
47	fast lane
47	fast pace
47	fast train
15	fast-flowing river
14	fasten your seatbelt
42	fat person
28	give feedback
21	feel at home
21	feel homesick
3	feel pain
6	feel strongly
9, 54	have a feeling
17	hurt someone’s feelings
21	show your feelings
23	female lead
26	suffer from hay fever
40	past few weeks
15	open fields
38	fierce fighting
17	fiercely loyal
12	fiery temper
38	fight for life
38	fight a war
25	put up a fight
38	put up a fight against
18	slim figure
10	solitary figure
30	fill a vacancy
4	filled with horror
23	film captures an atmosphere
23	film review
23	make a film
23	recommend a film
23	review a film
23	see a film on television
23	shoot a film
23	star in a film
23	watch a film on television
2	find a way
2	find your way
34	heavy fine
34	pay a fine
44	fine grain
44	sticky fingers
44	glossy finish
44	matt finish
51	nail-biting finish
10	finish your homework
51	put the finishing touches to
38	open fire
38	within firing range
44	firm ground
44	firm pillow
33	hold firmly to
20	love at first sight
17	put others first
39	fish stocks
25	go fishing
26	keep fit
26	follow a fitness programme
12	tempers flare
12	trouble flares up
12	violence flares up
21	granny flat
16	high-rise flats
21	move into a flat
21	move out of a flat
21	studio flat
22	turn into a flat
45	get the flavour of
45	subtle flavour
6	flick through a newspaper
14	scheduled flight
14, 44	smooth flight
31	float the company
5	floods hit
12	flood of tears
52	play flops
12	ideas flow
26	catch the flu
13	fog lifts
13	patches of fog
13	thick fog
15	follow a path
34	follow the rules
24	huge following
22	Chinese/Mexican/French food
22	food poisoning
2	GM food
22	home-cooked food
22	international food
22	junk food
22	organic food
22	perishable food
22	processed food
17	make a fool out of someone
50	get off on the wrong foot
50	go on foot
25	have a football game
25	have a game of football
25	have a football match
25	play a football game
25	play a game of football
25	play a football match
47	lose your footing
1, 6	strictly forbidden
34	law forbids
13	gale force winds
38	peacekeeping forces
54	forget clean
54	forget your homework
54	forget someone’s name
20	form a friendship
37	make a small fortune
39	fossil fuels
21	four-storey house
45	fragrant perfume
13	freak storms
40	free time
25	take a free kick
45	taste freedom
22	fresh produce
45	fresh scent
13	fresh snow
7, 8, 20	make friends
20	mutual friends
10	old friend
20	special friend
20	friendship grows
20	spoil friendship
20	strike up a friendship
36	front-page headline
36	be front-page news
13	hard frost
13	light frost
44	fruit goes soft
30	fulfilling job
23	full house
21	fully furnished
21	fully-fitted kitchen
45	noxious fumes
9	have fun
40	future holds
40	have great future ahead
30	future employer
52	gain good marks
25	gain a place
11	gain power
11	gain publicity
11	gain recognition
11	gain reputation
25	have football game
25	have a game of
25	play football game
25	play a game of
25	play games
22	overlook the garden
39	greenhouse gases
41	give a gasp
47	gather speed
15	gentle landscape
50	gentle stroll
50	gentle walk
18	portly gentleman
4	place gently
59	genuine liking
49	get into conversation
28	get a grade
8	get impatient
54	get the impression
8	get involved
1	get a job
25	get a place
49	get to the point
8	get pregnant
28	get a qualification
51	get started
8	get upset
8	get violent
2	get in someone’s way
13	weather gets worse
51	get off to a good start
5	get on a plane
18	ginger hair
19	give custody to
28	give a grade
41	give a growl
36	give the go-ahead
17	give the impression
41	give a laugh
2, 28	give a lecture
23, 24, 60	give a performance
30	give a presentation
41	give a sigh
49	give someone instructions
2	give someone a lift
59	give someone pleasure
2, 5	give someone a ring
59	give someone a warm welcome
49	give someone your word
28	give a talk
2	give way to
45	give off smell
56	give up hope
1, 47	quick glance
43	glare of the sun
44	gloss finish
44	gloss paint
44	glossy hair
50	go for a run
50	go for a walk
8, 18	go grey
25	go hang-gliding
25	go hill walking
5	go into partnership with
25	go jogging
8	go mad
54	go numb
23	go on the stage
24	go on tour
34	go on trial
8	go red
50	go running
25	go sailing
25	go skateboarding
25	go skiing
44	go smoothly
25	go snowboarding
24	go solo
25	go surfing
25	go to judo
25	go to karate
28	go to a lecture
38	go to war
25	go to yoga
30	go wrong
8	go yellow
45	milk goes sour
40	time goes by
37	price goes down
37	price goes up
9	have a go
25	score a goal
43	tinged with gold
8	turn gold
39	golden opportunity
15	golden sands
25	play golf
17	good sense of humour
30	good team player
16	good value
30	have a good knowledge of
54	have a good memory
20	have a good relationship with someone
9, 40	have a good time
22	gourmet meal
28	be given a grade
28	receive a grade
46	increase gradually
19	grant custody to
52	have a grasp of
41	grating noise
41	grating sound
44	greasy hair
44	greasy hands
42	great deal of time
59	great love
59	great lover
59	great pleasure
21	great sadness
52	great success
40	have a great time
50	make great strides
59	greatest regard
43	green issue
39	green politics
41	give a groan
18	immaculately groomed
44	hard ground
25	home ground
44	soft ground
32	groundbreaking research
8	grow louder
8	grow older
10	grow plants
47	rapid growth
52	guarantee success
1	play the guitar
24	strum a guitar
24	take up the guitar
39	widening gulf
48	kick the habit
18	jet-black hair
18	shoulder-length hair
18	sleek hair
18	thick hair
29	hand gestures
48	raise your hand
57	reject something out of hand
28	hand in essay
30	hand in your notice
29	prepare handouts
4	happily married
21	lasting happiness
21	happy occasion
44	hard bread goes
44	hard pillow
52	hard work
2	learn the hard way
56	think hard
25	train hard
44	voice hardens
34	harsh penalty
34	harsh sentence
47	hasty words
11	wear a hat
24	haunting melody
26	have an attack of
25	have a game
53	have an impact on
54	have the impression
30	have a job as
59	have a liking for
2, 9	have a look
53	have a lot of influence
25	have a match
56	have misgivings about
9	have a nightmare
57	have no option
2, 9	have a party
9	have a problem
22	have a quick snack
2	have a rest
9	have a row
57	have second thoughts
44	have a sharp tongue
45	have a smell
56	have a sneaking suspicion
56	have strong opinions
59	have sympathy
45	have a taste
17	have a tendency
5	have a think
40	have the time of your life
40	have time to
9	have a try
21	have a view of
17	have a vivid imagination
49	have a word
26	head injuries
26	splitting headache
36	hit the headlines
36	make headlines
36	be headline news
50	rush headlong into
54	sensitive to heat
13	rain heavily
58	heavy hint
13	heavy rain
1, 13	heavy snow
50	heavy steps
42	high heels
24	musical heritage
57	slight hesitation
42	high interest rates
2	high jump
42	high mountain
37, 42	high price
42	high tide
13	high wind
6	ridiculously high
17	set high standards
30	high-powered job
59	highest regard
17	highly intelligent
6	highly likely
6	highly profitable
6, 23	highly recommended
6	highly successful
6	highly unlikely
6	highly unusual
60	speak highly of
27	hints and tips
28	study history
39	earthquake hits
46	keep hitting
5	outbreak hits
13	weather hits
24	massive hit
25	play hockey
56	hold the opinion that
36	hold talks
56	hold the view that
25	world record holder
9	take a holiday
25	home match
21	leave home
54	leave something at home
21	make yourself at home
21	second home
19	set up home
19	stable home
21	welcome someone home
38	horrors of war
36	take hostage
13	scorching hot
14	luxury hotel
14	run-down hotel
14	smart hotel
40	the small hours
1	spend hours
40	ungodly hours
21	do up a house
48	move house
21	move into a house
21	house-warming party
59	huge pleasure
17	sense of humour
41	machine hums
19	late husband
44	ice melts
58	reject an idea
24	pop idol
49	plead ignorance
26	be taken ill
26	terminally ill
26	incurable illness
26	life-threatening illness
26	serious illness
53	increase the impact
53	major impact
29	make an impact
53	minimise the impact
53	reduce the impact
53	strengthen the impact
6	utterly impossible
2	make a good impression
48	improvement in performance
7	make an improvement
7	make improvements
13	weather improves
14	in-flight magazine
16	incessant roar
38	minor incident
37	steady income
46	increase steadily
37	price increases
46	increase in the number of
42	large increase
47	rapid increase
2	sharp increase
42	small increase
35	staggering increase
53	indirect result
16	industrial zone
53	inevitable outcome
53	inevitable result
3	inflict pain
36	keep someone informed
10, 26	injured people
26	major injuries
26	minor injuries
26	serious injuries
26	suffer injuries
26	sustain injuries
35	rob an institution
24	tune an instrument
26	intensely painful
9	take an interest in
46	widespread interest
36	interested party
46	keep interrupting
34	introduce a law
54	trust your intuition
58	refuse an invitation
21	invite someone to a party
32	irrefutable proof
4	key issue
42	major issue
42	minor issue
33	touch on issues
36	item of news
5	unwanted items
43	trousers match a jacket
31	create jobs
30	job satisfaction
30	lucrative job
30	offer someone a job
30	permanent job
30	rewarding job
30	steady job
36	top job
17	play a joke on
17	take a joke
49	tell a joke
14	outward journey
14	overnight journey
14	return journey
14	safe journey
14	tiring journey
57	reserve judgement
57	sound judgement
56	trust someone’s judgement
20	keep in touch
28	keep a notebook
38	keep the peace
30	keep a record
1	keep to the rules
17	keep secrets
17	keep your temper
36	keep a watch on
17	keep your word
29	key points
40	kill time
44	sharp knife
49	speak a language
18	lanky youth
11	use a laptop
42	large number
42	large quantity
2	large scale map
10	large size
42	on a large scale
6	ridiculously large
60	last night’s performance
9	pay your last respects
38	lasting peace
19	late wife
36	the latest news
41	shrill laugh
41	raucous laughter
4	roar with laughter
31, 36	launch a product
34	law prohibits
34	obey the law
34	observe the law
34	pass a law
34	respect the law
34	uphold the law
2	lead a life
23	male lead
25	take the lead
36	news leaks out
1	leave university
45	leave an unpleasant taste in your mouth
50	leisurely stroll
33	lend support to
46	unit of length
3	lessen pain
42	low level
39	rising sea levels
15	lie in ruins
49	tell a lie
29	bring to life
50	different walks of life
36	loss of life
20	love of your life
57	opportunity of a lifetime
39	lift someone out of poverty
13	mist lifts
43	pinpoint of light
54	sensitive to light
43	shed some light on
43	throw some light on
22	light meal
50	light steps
13	light wind
12	mood lightens
36	lightning strikes
59	particular liking
9	take a liking to
39	below the poverty line
16	lined with shops
27	click a link
30	make a list
29	listen carefully
16	strewn with litter
42	little problem
42	little things
42	nice little
42	poor little
39	live on the streets
1, 24	live music
24	live performance
48	standard of living rises
21	spacious living room
10	load a lorry
10	lonely place
10	lonely spot
6	ridiculously long
54	long-term memory
42	look small
13	looks like rain
47	quick look
2	take a look
25	lose a match
52	lose your nerve
17	lose your patience
17, 21	lose your temper
20	lose touch
31	make a loss
5	job losses
20	love someone unconditionally
20	madly in love
59	passionate love
20	return someone’s love
24	music lover
37, 42	low price
42	low wage
6	ridiculously low
49	wish someone luck
47	quick lunch
41	machine whirrs
42	major point
4	major problem
52	make good progress
1, 7	make a mistake
48	make modifications
11, 37	make money
49	make an observation
30	make photocopies
58	make a point
30	make preparations
11	make a profit
2, 7	make progress
1	make a recording
5	make redundant
33	make reference to
14, 30	make a reservation
42	make small talk
41	make a sound
49	make a speech
51	make a start
40	make time for
2	make your way
37	make a withdrawal
47	unhurried manner
39	margins of society
31	market forces
31	carry out market research
11, 25	win a match
4	matt paint
56	matter of opinion
22	Chinese/Mexican/French meal
22	nourishing meal
1	quick meal
22	ready meal
22	slap-up meal
1, 2	substantial meal
46	unit of measurement
44	tender meat
44	tough meat
11	win a medal
2	meet requirements
44	snow melts
54	painful memory
54	short-term memory
27	memory stick
54	stir up memories
22	set menu
17	razor-sharp mind
35	mindless vandalism
42	minor point
46	minute number
30	take the minutes
6	utterly miserable
56	serious misgivings
52	miss the point
5	missing teenager
13	patches of mist
37	money is tied up in
37	money is tight
37	raise money
37	save money
1	spend money
37	spend money on
37	squander money on
37	throw money at
37	waste money on
11	spend a month
21	take out a mortgage
47	in slow motion
15	mountains tower
15	rocky mountains
15	snow-covered mountains
45	your mouth
10	shut your mouth
47	rapid movement
57	much prefer
41	muffled sound
24	music scene
24	piece of music
24	write music
24	musical talent
21	a place of my own
42	neighbouring town
25	set a new world record
23	nominate for an Oscar
18	straight nose
18	upturned nose
4	pang of nostalgia
27	make a note
60	have nothing but praise for
46	odd number
46	rise in the number of
46	significant number
42	small number
46	substantial number
46	surprising number
46	tiny number
4	up-tempo number
60	strenuously object
6, 60	strongly object
28	obtain a qualification
21	sad occasion
10	unique occasion
21	off-road parking
59	take offence
35	young offender
38	offer resistance
58	refuse an offer
3	take someone up on an offer
44	oily skin
27	online resources
23	opening scenes
55	share an opinion
56	share someone’s opinion on
3	state an opinion
25	foul your opponent
25	tackle an opponent
57	pass up the opportunity
6	strongly opposed
50	run up against opposition
57	take the soft option
57	weigh up the options
38	restore order
53	predictable outcome
53	unexpected outcome
53	unforeseen outcome
17	outgoing personality
36	outline plans
60	outstanding performance
60	receive a standing ovation
45	overpowering stink
54	ridiculously over-sensitive
16	overpriced restaurant
50	pace up and down
3	pain subsides
3	racked with pain
3	relieve pain
26	relieve the pain
2, 3	sharp pain
3	soothe pain
3	suffer from pain
26	unbearable pain
57	painfully shy
47	painfully slow
42	painfully thin
15	panoramic view
10, 19	single parent
32	play a part
40	pass the time
40	time passes
1	valid passport
27	log in with username and password
40	recent past
41	patter of rain
9	pay tribute
47	prompt payment
38	peace treaty
25	practise taking a penalty
25	take a penalty
44	sharp pencil
12	people pour
12	people stream
12	people trickle
24	virtuoso performance
45	whiff of perfume
34	rules permit
42	plump person
35	rob a person
54	sensible person
54	sensitive person
42	skinny person
42	slim person
42	tall person
18	well-built person
1	take a photo
9	take photos
47	pick up speed
13	wind picks up
15	take a picture
24	play a piece
44	soft pillow
27	place to start
23	play the role of
25	play rugby
25	play sport
25	play table tennis
25	play tennis
17	play a trick on
59	take pleasure
55	see someone’s point
5	police crack down
5	police quiz
35	political prisoner
39	tackle pollution
4	pose a problem
3	take up a position
13	pour with rain
46	widespread poverty
11	is powered by software
60	sing someone’s praises
60	win praise
59	state a preference
59	strong preference
40	prehistoric times
26	prescribe tablets
29	effective presentation
29	interactive presentation
29	prepare a presentation
29	presentation software
37, 48	price rises
37	price soars
37	price war
4	prices rise
5	pump prices
37	ridiculous price
37	rock-bottom price
5	slash prices
22, 37	reasonably priced
16	pricey restaurant
4	sense of pride
17	swallow your pride
4	well with pride
59	take pride
5	prime suspect
38	take prisoner
11	win a prize
9	have problems
50	run into problems
39	world-wide problem
53	produce results
60	put on a production
1	take up a profession
48	profits rise
23	see a programme on television
26	stick to a programme
23	watch a programme on television
47	rapid progress
51	promising start
47	prompt reply
47	prompt response
32	propose a theory
5	prosecute trespassers
4	smile proudly
28	provide training
5	receptacle provided
31	go public
29	public speaking
36	publish a story
4	pull steadily
34	severely punished
50	stride purposefully
32, 58	put forward a theory
28	recognise qualifications
42	small quantity
29	deal with questions
48	raise a question
3	raise questions
47	quick shower
49	quick word
13	torrential rain
49	raise a subject
48	raise taxes
46	rare coin
46	rare species
46	rate rises
60	rave review
43	ray of sunlight
34	reach a verdict
47	swift reaction
6	strongly recommend
49	speak off the record
47	speedy recovery
47	swift recovery
8	turn red
27	refine your search
34	regulations require
34	regulations stipulate
58	reject a suggestion
4	release a CD
59	relish the thought
46	remain stable
54	if I remember rightly
54	vaguely remember
54	vividly remember
54	remind someone strongly of
24	remix a track
11	gain a reputation
33	research suggests
18	bear striking resemblance to
52	win respect
47	speedy response
47	swift response
17	sense of responsibility
53	unforeseen result
45	revolting stench
48	revolutionise the way
37	seriously rich
6	ridiculously short
6	ridiculously small
40	right on time
41	shot rings out
53	spark off riots
46	rise sharply
46	rise steeply
48	the sun rises
2	sharp rise
9	take a risk
31	rival company
44	smooth road
41	roar of traffic
5	spending rockets
13	tear off roofs
44	rough sea
44	rough skin
44	rough surface
44	rough water
39	sleep rough
1	stick to the rules
41	rumble of thunder
53	spark off rumours
40	run out of time
36	run a story
41	rustling sound
31	sales figures
45	share the same taste in
40	save time
42	on a small scale
41	scratching sound
44	smooth sea
27	search by keyword
14	window seat
31	secret of your success
15	well worth seeing
17	selfish streak
54	sense tension
54	sensitive skin
54	sensitive teeth
35	serve a sentence of
19	trial separation
25	training session
30	set targets
43	be under the shadow of
16	shanty town
26	in good shape
32	shape our thinking
55	share a view
2	sharp turn
16	supermarket shops
37	in short supply
47	take a shortcut
41	shrill voice
38	sign a treaty
32	significant trend
29	keep simple
39	simple solution
44	sticky situation
44	smooth skin
44	velvety sky
18	slender waist
15	steep slope
47	slow-moving traffic
45	give off a smell
45	smell wafts
45	strong smell
45	smell off
12	sunny smile
44	smooth surface
44	smooth texture
44	smooth water
44	snow thaws
13	thick snow
13	soak up the sunshine
44	voice softens
4, 49	whisper softly
10	sole survivor
27	block spam
40	spare time
29	speak clearly
60	speak well
15	spectacular view
47	top speed
11	spend days
11	spend a month/week
40	spend some time
2	spend your time
20	spoil a friendship
31	take on staff
29	stand up straight
43	star twinkles
35	steal something
47, 50	take steps
45	over-powering stink
49	tell a story
23	true story
12	stream of traffic
12	stream of visitors
15	stream winds
39	take to the streets
18	bearing a striking resemblance to
50	take a stroll
13	strong sun
32	strong tendency
13	strong wind
6	strongly argue
6	strongly feel
6	strongly suggest
6	strongly support
28	study a subject
6	utterly stupid
28	take a subject
5	submit a tender
27	subscribe to online journals
13	unbroken sunshine
30	supervise work
46	widespread support
4	swell with pride
50	walk swiftly
11	take clothes
59	take pride in
5	take responsibility
40	take your time
9	take a train
9	take a trip
30	take on work
42	tall tree
7	throw a tantrum
23	watch television
40	tell someone the time
49	tell the truth
35	vehicle theft
26	damaged things
60	think the world of someone
60	thoroughly disapprove
40	waste time
29, 49	tone of someone’s voice
16	volume of traffic
48	power to transform
11	win a trophy
47	turn something upside down
8	turn white
31	annual turnover
1	watch TV
15	uninterrupted view
27	update regularly
27	upload your files
16	upmarket shops
16	urban wasteland
6	utterly wrong
29	visual aids
50	walk stiffly
11	win a war
27	do a web search
11	spend a week
60	speak well of
40	worth your while
13, 41	wind whistles
1	write a song
