1, 22	be at loggerheads
1, 2, 41	drive/send sb round the bend/twist
1, 62	as free as a bird
1, 2, 38	kill two birds with one stone
1, 52	in the blink of an eye
1, 43	out of the blue
1, 49	a bone of contention
1	be as dry as a bone
1, 36	pass the buck
1	cool, calm and collected
1, 11	the pros and cons
1, 8	by hook or by crook
1, 57	cut a long story short
1, 48	put your foot down
1, 13, 15	give sb a hard/rough/tough time
1, 6	have second thoughts
1, 53	lie through your teeth
1, 24	pay through the nose for sth
1, 4	rough and ready
1, 13, 15	give sb a rough/hard/tough time
1, 17	safe and sound
1, 2, 4, 41	send/drive sb round the bend/twist
1, 2, 4, 41	drive/send sb round the twist/bend
1, 38	be (like) water off a duck's back
1, 24	well-to-do
2, 20	against (all) (the) odds
2	An apple a day keeps the doctor away.
2, 38	let the cat out of the bag
2	a slime ball
2, 43	come (back) down to earth with a bang/bump/jolt
2, 50	be banging/hitting your head against a brick wall
2, 24	pick up the bill/tab
2, 49	I (can) feel it in my bones
2	be on the brink of sth
2, 43	come (back) down to earth with a bump/bang/jolt
2	make your day
2	frighten/scare the (living) daylights out of
2	be man enough to do sth
2	stuff your face
2	not look a gift horse in the mouth
2	give you pause for thought
2, 61	hold/stand your ground
2, 50	be hitting/banging your head against a brick wall
2	from time immemorial
2, 43	come (back) down to earth with a jolt/bang/bump
2, 39	put/stick the knife in
2, 11	tie yourself (up) in knots
2	There's no peace/rest for the wicked!
2	There's no rest/peace for the wicked!
2	scare/frighten the (living) daylights out of
2, 61	stand/hold your ground
2, 39	stick/put the knife in
2, 24	pick up the tab/bill
3	be floating/walking on air
3	grin and bear it
3	be thrilled to bits
3	be on cloud nine
3	put a dampener/damper on
3	be down in the dumps
3	not be the end of the world
3	get a (real) kick out of sth
3	sour grapes
3	a misery guts
3	be in seventh heaven
3	jump for joy
3	do sth for kicks
3	cloudspeak louder than words
3	made for
3, 43	be over the moon
3	be out of sorts
3	be on top of the world
3	be walking/floating on air
4	be after sb's blood
4	fed up (to the back teeth)
4, 56	get/put sb's back up
4	be out for blood
4	sb's blood is up
4, 45	blow a fuse/gasket
4, 38	put/set the cat among the pigeons
4	steer a middle course
4	go off the deep end
4	drive sb up the wall
4	give sb an earful
4	be at your wits' end
4	ruffle sb's feathers
4	have/throw a fit
4	give sb a piece of your mind
4	have had it up to here
4	do your nut
4, 56	put/get sb's back up
4, 22	rub sb up the wrong way
4, 38	send/put the cat among the pigeons
4	not be on speaking terms
4	throw/have a fit
5	(not) ring any bells / a bell (with me)
5	(not) ring a bell / any bells (with me)
5	can't for the life of me
5	not have a clue
5	get (hold of) the wrong end of the stick
5	not have the faintest idea
5	have a familiar ring (to it)
5	not have the foggiest (idea)
5	know sth inside out
5	know your stuff
5	be out of touch with
5	put two and two together
6	(it) beats me
6	put sth down to experience
6	be a figment of your imagination
6	give sb food for thought
6	get the message
6	hear sth on/through the grapevine
6	the ins and outs
6	know where you stand
6	learn your lesson
6	teach sb a lesson
6	lose sight of
6	put/set the record straight
7	make all the difference
7	the be-all-and-end-all
7	hit the big time
7	be a blessing in disguise
7	not have the ghost of a chance
7	go/work like a dream
7	give up the ghost
7	go from strength to strength
7	go places
7	make a go of
7	leave your mark
7	be lost for words
7	work like magic
7	make a go
7	sb/sth is a victim of their/its own success
7	do the trick
7	work/go like a dream
8	be left holding the baby
8	have sb over a barrel
8	draw a blank
8	a stumbling block
8	come up against a brick wall
8	clutch at straws
8	dig yourself into a hole
8	be in dire straits
8	easier said than done
8	face the music
8	a fact of life
8	the facts of life
8, 48	put your foot in it
8	spread yourself too thin
9	the answer to sb's prayers
9, 35	in the bag
9	get to the bottom of
9	bring sth to light
9	come to light
9	make do
9	light at the end of the tunnel
9	tie up loose ends
9	fall into place
9	get to grips with
9	give it a shot/whirl
9	shed/throw light on
9	to be on the safe side
9	pick up the pieces
9	throw/shed light on
9	wave a magic wand
9	give it a whirl/shot
10	a hidden agenda
10	be at sb's beck and call
10	bend the rules
10	carry the can
10	if the worst comes to the worst
10	leave sb to their own devices
10	a spin doctor
10	be at/on the receiving end
10	get your own way
10	get/let sb off the hook
10	go to the polls
10	take the law into your own hands
10	become a law unto yourself
10	lay down the law
10	let/get sb off the hook
11	be brought/called to account
11	an acid test
11	be that as it may
11	give sb the benefit of the doubt
11, 23	not budge/give an inch
11, 38	a can of worms
11	a vicious circle
11	go round in circles
11	the other side of the coin
11, 23	not give/budge an inch
11	on the one hand
11	on the other hand
11	in a nutshell
11	one thing leads to another
12	You can say that again!
12	six of one and half a dozen of the other
12	How time flies!
12	Get a life!
12	I can take it or leave it.
12	Such is life!
12	That's life!
12	It's/That's the story of my life!
12	you haven't lived!
12, 20	No such luck!
12	Don't make me laugh.
12	The more, the merrier.
12	Thanks a million!
12	you name it
12	neither here nor there
12	No way!
12	There's nothing to it!
12	It's a small world.
12	This is the life!
13	be a hard/tough act to follow
13	add insult to injury
13	be all sweetness and light
13	be asking for it/trouble
13	cast aspersions on
13	like gold dust
13	poke fun at
13	get on sb's nerves
13	give as good as you get
13	ground-breaking
13	be second to none
13	be out of this world
13	out-and-out
13	be a tough/hard act to follow
13	be asking for trouble/it
14	play devil's advocate
14	have all the makings of
14	not be all it's cracked up to be
14	have a lot to answer for
14	never/not do anything/things by halves
14	throw the baby out with the bathwater
14	get/jump/leap on the bandwagon
14	leave a lot to be desired
14	drive sb to distraction
14	have the edge over
14	make an exhibition of yourself
14	under false pretences
14	jump/get/leap on the bandwagon
14	a laughing stock
14	leap/get/jump on the bandwagon
14	be a dead loss
14	on the big/expensive, etc. side
14	never/not do things/anything by halves
15	be/hang in the balance
15	blow sth out of (all) proportion
15	bring a lump to your throat
15	come to terms with
15	wouldn't dream of
15	fade/pale into insignificance
15	let yourself go
15	hang/be in the balance
15	keep a lid on sth
15	leave sb in the lurch
15	look right/straight through sb
15	make the most of
15	think nothing of
15	pale/fade into insignificance
15	look straight/right through sb
16	There's no accounting for taste(s)!
16	at the top of sb's/the agenda
16	if all else fails
16	one way or another
16	never live sth down
16	the lesser of two evils
16	You could've fooled me!
16	strike while the iron is hot
16	be not on
16	be over the top
16	be in sb's shoes
17	set alarm bells ringing
17	leave well alone
17	lead sb astray
17	be caught napping
17	be too close for comfort
17	cut things fine
17	a narrow escape
17	a necessary evil
17	go out on a limb
17	take your life into your hands
17	your life is in sb's hands
17	hang by a thread
17	on a knife-edge
17	be out on a limb
17	panic stations
17, 53	by the skin of your teeth
18	give sth your all
18	go all out
18	at a push
18	be as easy as taking candy from a baby
18	have a bash
18	be a piece of cake
18	child's play
18	a doddle
18	be as easy as pie
18	pull your finger out
18	go out of your way to do sth
18	go through the motions
18	have a go at
18	heavy-going
18	be child's play
18	pull your weight
19	not go amiss
19	I wouldn't touch sb/sth with a barge pole.
19	be duty bound to do sth
19	if push comes to shove
19	would not be seen dead
19	do your own thing
19	be dying for/to
19	give anything
19	need sth like you need a hole in the head
19	if need be
19	in keeping with sth
19	be in luck
19	take your pick
19	(not) be worth your while
20	chance your arm
20	the cards are stacked against you
20	see sth coming (a mile off)
20	a foregone conclusion
20	the luck of the draw
20	be in the lap of the gods
20	take sb/sth for granted
20	Just my luck!
20	push your luck
20	take pot luck
20	You should be so lucky!
20, 23	see/spot sth a mile off
20	on the off-chance
20	be touch-and-go
21	airs and graces
21	anybody who is anybody
21	keep up appearances
21	new blood
21	politically correct
21	a rough diamond
21	down-and-out
21	a high-flyer
21	keep a low profile
21	make a name for yourself
21	the odd one out
21	a pillar of society
21	toffee-nosed
21, 25	up-and-coming
21	on your way up
22	keep sb/sth at bay
22	be in sb's good books
22	at cross-purposes
22	get on like a house on fire
22	get/be/stay in touch with sb
22	have a soft spot for sb
22	have it in for sb
22	have it out with sb
22	be/get/stay in touch with sb
22	keep in touch with sb
22	keep yourself to yourself
22	make it up to sb
22	stay/be/get in touch with sb
22	two-time sb
23	Big deal!
23	make a big thing of
23	make it big
23	think big
23	caught in the middle
23	be a far cry from sth
23	in small doses
23, 24	a small fortune
23	the middle ground
23	loom large
23	be larger than life
23	in the middle of nowhere
23	stand/stick out a mile
23	be miles away
23	an unknown quantity
23	all shapes and sizes
23	spot/see sth a mile off
24	at a (considerable) price
24	tighten your belt
24	be/live on the breadline
24	lose a small fortune
24	make a small fortune
24	make a killing
24	be in the lap of luxury
24	live/be on the breadline
24	in the lap of luxury
24	a money-spinner
24	spend money like water
24	put paid to
24	pay the price for
24	a rip-off
24	well-heeled
24	well-off
25	behind the scenes
25	at the bottom of the (career) ladder
25	career ladder
25	at the top of the (career) ladder
25	climb to the top of the career ladder
25	have your work cut out
25	dead-end job
25	be up to your ears/eyes (in work)
25, 48	rushed off your feet
25, 47	have your hands full
25	get / be given the sack
25	get out of a rut
25	give sb / get the sack
25	be on the go
25	be headhunted
25	put sth on hold
25	at the top of the career ladder
25	on paper
25	pull out (all) the stops
25	run-of-the-mill
25	step into sb's shoes
25	talk shop
25	be snowed under
26	all over the place
26	get/go beyond a joke
26	by/in leaps and bounds
26	left, right and centre
26, 48	drag your feet/heels
26	fast and furious
26	fever pitch
26	get off to a flying start
26	be in full swing
26	get a move on
26, 48	drag your heels/feet
26	keep track
26	be on the run
26	on the spot
26	the word spread
26	step by step
27	be on about
27	for want of a better word
27	in the same breath
27	to coin a phrase
27	be no joke
27	be no laughing matter
27	a pack of lies
27	make light of
27	a likely story
27	take the mick/mickey
27	off-the-cuff
27	(not) ring true
27	a slip of the tongue
27	small talk
27	in a word
28	not take no for an answer
28	be beside the point
28	loud and clear
28	get a word in edgeways
28	the fine/small print
28	lingua franca
28	a question mark (hanging) over
28	not know the meaning of the word
28	matter-of-fact
28	be a matter of opinion
28	speak your mind
28	miss the point
28	be a tall order
28	the small/fine print
28	word for word
29	Absence makes the heart grow fonder
29	Actions speak louder than words.
29	all work and no play
29	Don't put all your eggs in one basket.
29	a bird in the hand
29	birds of a feather
29	Blood is thicker than water.
29	take care of the pence/pennies
29	while the cat's away, the mice will play
29	too many cooks
29	It's no good / There's no point crying over spilt milk.
29	people who live in glass houses
29	the grass is always greener
29	Many hands make light work.
29	it's the last straw
29	There's no point / It's no good crying over spilt milk.
30	bear/keep in mind
30	ring a bell
30	your mind goes blank
30	rack your brains
30	come/spring to mind
30	commit sth to memory
30	cross your mind
30	jog sb's memory
30	keep/bear in mind
30	take a stroll/trip down memory lane
30	leave a sour taste in your mouth
30	in/within living memory
30	Out of sight, out of mind.
30	slip your mind
30	spring/come to mind
30	a train of thought
30, 53	(be) on the tip of your tongue
30	take a trip/stroll down memory lane
31	at the end of the day
31	for the time being
31	have seen better days
31	the shape of things to come
31	it's early days (yet)
31	from/since the year dot
31	have a lot of time for sb
31	in the long run
31	make up for lost time
31	be only a matter of time
31	in the medium/long/short term
31	in the nick of time
31	be on the threshold of sth
31	out-of-date
31	in the short/medium/long term
31	be a sign of the times
31	stand the test of time
31	before your time
31	in a time warp
31	as if there was/were no tomorrow
31	like there's no tomorrow
32	once and for all
32	once in a blue moon
32	call it a day
32	not have a minute to call your own
32	work against the clock
32	go/run/work like clockwork
32	at the crack of dawn
32	once in a lifetime
32	nine times out of ten
32	in no time at all
32	off and on / on and off
32	run/go/work like clockwork
32	from scratch
32	then and there
32	there and then
32	from time to time
32	work/go/run like clockwork
33	add fuel to the fire/flames
33	pluck a number out of the air
33	blow hot and cold
33	see how / which way the wind is blowing
33	between the devil and the deep blue sea
33	pour cold water on sth
33	be in deep water
33	jump in the deep end
33	throw sb in the deep end
33	be out of your depth
33	a drop in the ocean
33	be the salt of the earth
33	go to the ends of the earth
33	fall on stony ground
33	There's no smoke without fire.
33	not set the world on fire
33	play with fire
33	get wind of sth
33	go up in smoke
33	run to ground
33	in the heat of the moment
33	be in hot water
33	make waves
33	spread like wildfire
33	the tide turns
33	see how/which way the wind is blowing
34	a grey area
34	green belt
34	a black hole
34	in black and white
34	blue blood
34	blue-collar
34	until you are blue in the face
34	catch sb red-handed
34	be green with envy
34, 47	have green fingers
34	give sth the green light
34	a red herring
34	be in the red
34	red tape
34	white-collar
35	would give you the shirt off their back
35	bore the pants off someone
35	have big shoes to fill
35	at the drop of a hat
35	take your hat off to someone
35	wear lots of different hats
35	have something in the bag
35	keep your shirt on
35	in pocket
35	out of pocket
35	to pocket
35	dig deep into your pockets
35	roll up your sleeves
35	wear the trousers
36	go back to square one
36	be on the ball
36	play ball
36	start the ball rolling
36	the ball is in your court
36	off your own bat
36	your best bet
36	call sb's bluff
36	be on the cards
36	lay/put your cards on the table
36	play your cards right
36	when the chips are down
36	throw a curveball
36	a level playing field
36	follow suit
36	be wide of the mark
36	on the spur of the moment
36	take the plunge
36	put/lay your cards on the table
37	a party animal
37	sb's bark is worse than their bite
37	make a beeline for sb/sth
37	A little bird told me.
37	get/have/take the bit between your teeth
37	the travel bug
37	have butterflies in your stomach
37	chase your tail
37	a cold fish
37	a dark horse
37	a fly on the wall
37	wouldn't hurt a fly
37	give sb free rein
37	a guinea pig
37	have/get/take the bit between your teeth
37	a lone wolf
37	make a real pig of yourself
37	take/get/have the bit between your teeth
38	a dog's breakfast
38	take the bull by the horns
38	not (enough) room to swing a cat
38	run round like a headless chicken
38	go to the dogs
38	put out feelers
38	the law of the jungle
38	snail mail
38	at a snail's pace
39	a chink in your armour
39	be up in arms
39	have an axe to grind
39	fight a losing battle
39	bite the bullet
39, 44	burn your boats/bridges
39	call the shots
39	be caught in the crossfire
39	if/when it comes to the crunch
39	look daggers at
39	be your own worst enemy
39	hold fire
39	be in the firing line
39	jump the gun
39	stick to your guns
39	have a shot at
39	twist the knife
40	whet your appetite
40	bear fruit
40	the best/greatest thing since sliced bread
40	to the bitter end
40	sb's bread and butter
40	have your cake and eat it
40	the icing on the cake
40	be past / past your sell-by date
40	have egg on your face
40	flavour of the month
40	the greatest/best thing since sliced bread
40	have a sweet tooth
40, 53	make sb's mouth water
40	leave a sour taste in the mouth
40	pass your sell-by date
40	be past your sell-by date
40	be past / pass your sell-by date
41	get/go from A to B
41	be (right) up your alley/street
41	an uphill battle/fight/struggle
41	be off the beaten track
41	sb's paths cross
41	at a crossroads
41	a dead end
41	go downhill
41	an uphill fight/battle/struggle
41	hit the road
41	put sth on the map
41	middle-of-the-road
41	off the beaten track
41	be on the right track
41	be on the wrong track
41	road rage
41	be stuck in a rut
41	be (right) up your street/alley
41	an uphill struggle/battle/fight
42	be/feel at home
42	make yourself at home
42	get out of bed on the wrong side
42	take a leaf out of sb's book
42	burn the candle at both ends
42	bring sth home to sb
42	hit the ceiling/roof
42	come down on one side or the other
42	come home to you
42	get your foot in the door
42	feel/be at home
42	sit on the fence
42	fly off the handle
42	get the picture
42	hold the key to sth
42	be as safe as houses
42	keep sb in the picture
42	put sb in the picture
42	hit the roof/ceiling
43	a breath of fresh air
43	be in the air
43	be up in the air
43	clear the air
43	bite the dust
43	be/hit rock bottom
43	be in the dark
43	keep sb in the dark
43	down to earth
43	be in your element
43	be out of your element
43	find out how the land lies
43	go with the flow
43	go against the grain
43	hit/be rock bottom
43	shake like a leaf
43	live on another planet
43	sleep like a log
43	upper-crust
44	be all at sea
44	be in the same boat
44	miss the boat
44	push the boat out
44	rock the boat
44	change tack
44	clear the decks
44	steer clear of
44	sail close to the wind
44	try a different tack
44	be in the doldrums
44	know the ropes
44	learn the ropes
44	a nervous/quivering wreck
44	put/stick your oar in
44	be plain sailing
44	a quivering/nervous wreck
44	show sb the ropes
44	stick/put your oar in
45	back-pedal
45	a back-seat driver
45	put the brakes on
45	give sb a buzz
45	get your lines/wires crossed
45	get into gear
45	go under your own steam
45	let off steam
45	be in the pipeline
45	put/throw a spanner in the works
45	be on the same wavelength
45	state-of-the-art
45	throw/put a spanner in the works
45	tick over
45	get your wires/lines crossed
46	change your tune
46	strike a chord
46	the curtain has fallen (on)
46	music to your ears
46	fine-tune
46	sing your heart out
46	jazz something up
46	sound like a broken record
46	set the stage for
46	the show must go on
46	make a song and dance about
46	make a spectacle of yourself
46	be in the spotlight
47	get/have your fingers burned/burnt
47	change hands
47	cross your fingers
47	keep your fingers crossed
47	not lift a finger
47	put your finger on sth
47	at your fingertips
47	first hand
47	give sb a free hand
47	get out of hand
47	give sb a hand
47	give sth the thumbs down/up
47	be a dab hand
47	keep your hand in
47	to hand
47	try your hand at sth
47	turn your hand to sth
47	wash your hands of sb/sth
47	have/get your fingers burned/burnt
47	a rule of thumb
47	stand/stick out like a sore thumb
47	be under sb's thumb
48	foot the bill
48	get cold feet
48	dig your heels in
48	fall/land on your feet
48	be under your feet
48	find your feet
48	get/have itchy feet
48	have/keep both/your feet on the ground
48	stand on your own two feet
48	follow in sb's footsteps
48	get/start off on the wrong foot
48	hard/hot on the heels of sth
48	have/get itchy feet
48	keep sb on their toes
48	keep/have both/your feet on the ground
48	land/fall on your feet
48	start/get off on the wrong foot
49	twist sb's arm
49	hold/keep sb at arm's length
49	the bare bones
49	have a bone to pick with sb
49	have a chip on your shoulder
49, 51	give sb the cold shoulder
49	cost (sb) an arm and a leg
49	a shoulder to cry on
49	not have a leg to stand on
49	pull sb's leg
49	stand shoulder to shoulder
50	bite sb's head off
50	bring sth to a head
50	come to a head
50	keep your head down
50	get your head (a)round
50	keep your head
50	keep your head above water
50	knock sth on the head
50	laugh your head off
50	lose your head
50	off the top of your head
50	put ideas into sb's head
50	scream your head off
50	shout your head off
50	turn heads
51	be at each other's throat
51	put a brave face on sth
51	make a clean breast of it
51	breathe down sb's neck
51	get it off your chest
51	keep a straight face
51	make/pull a face
51	on the face of it
51	take sth at face value
51	face to face
51	Keep your hair on!
51	not turn a hair
51	pull/tear your hair out
51	be a pain in the neck
51	pull/make a face
51	ram sth down sb's throat
51	tear/pull your hair out
52	not bat an eyelid
52	couldn't believe your eyes
52	turn a blind eye
52	on the blink
52	cast/run your eye over
52	catch sb's eye
52	see sth out of the corner of your eye
52	an eye-opener
52	have/keep one eye on
52, 55	in your mind's eye
52	keep an eye on
52	keep an eye out for sb/sth
52	see eye to eye
52	raise (a few) eyebrows
52	can't keep your eyes off
52	open sb's eyes to sth
52	with your eyes open
52	keep/have one eye on
52	run/cast your eye over
53	all ears
53	couldn't believe your ears
53	bite your tongue
53	play it by ear
53	go in one ear and out the other
53	have a word in sb's ear
53	foaming at the mouth
53	get right up sb's nose
53	grit your teeth
53	live (from) hand to mouth
53	sb's heart is in their mouth
53	pay lip service to
53	My lips are sealed.
53	by word of mouth
53	mouth-watering
53	poke/stick your nose into
53	turn your nose up
53	stick/poke your nose into
53	in the teeth of sth
54	bare your heart/soul
54	sb's heart misses/skips a beat
54	break sb's heart
54	a change of heart
54	to your heart's content
54	have your heart set on sth
54	a man/woman after your own heart
54	know/learn sth off by heart
54	lose heart
54	open your heart
54	pour your heart out
54	put your heart and soul into sth
54	sb's heart is in the right place
54	sb's heart sinks
54	set your heart on sth
54	take sth to heart
54	heart-to-heart
54	learn/know sth off by heart
54	sb's heart skips/misses a beat
54	bare your soul/heart
54	a woman/man after your own heart
55	at the back of your mind
55	blood and guts
55	get blood out of a stone
55	in cold blood
55	a brain drain
55	have sth on the brain
55	pick sb's brains
55	cold-blooded
55	a gut feeling/reaction
55	slog/sweat/work your guts out
55	have a mind of its own
55	have/keep an open mind
55	keep/have an open mind
55	be a load/weight off your mind
55	make up your mind
55	put/set sb's mind at rest
55	a gut reaction/feeling
55	be a weight/load off your mind
55	work/slog/sweat your guts out
56	could do sth with one arm/hand tied behind your back
56	You scratch my back and I'll scratch yours.
56	at/in the back of beyond
56	be glad/happy/pleased/not sorry to see the back of sth
56	be on sb's back
56	be on the back burner
56	by/through the back door
56	come/fall off the back of a lorry
56	know sth like the back of your hand
56	off the back of a lorry
56	stab sb in the back
56	take a back seat
56	when/while sb's back is turned
56	without a backward glance
56	bend/lean over backwards
56	fall/come off the back of a lorry
56	could do sth with one hand/arm tied behind your back
56	lean/bend over backwards
57	a list as long as your arm
57	go back a long way
57	come a long way
57	a long face
57	go a long way
57	go to any/great lengths
57	take a long, hard look at sth
57	a long haul
57	How long is a piece of string?
57	in the long/medium/short term
57	It's a long story.
57	Long time no see.
57	long-winded
58	along the lines of sth
58	the bottom line
58	sign on the dotted line
58	draw a line under sth
58	draw the line (at sth)
58	drop sb a line
58	a fine/thin line
58	be in line for sth
58	line of work
58	be out of line
58	step out of line
58	along/on the right lines
58	along/on the same lines
58	read between the lines
58	a thin/fine line
59	clean up your act
59	act the fool
59	act your age
59	a balancing act
59	catch sb in the act
59	get in on the act
59	get your act together
59	put on an act
59	a piece/slice of the action
59	be back in action
59	be out of action
59	follow/take a course of action
59	a hive of activity
59	be all talk (and no action)
59	a slice/piece of the action
59	take/follow a course of action
60	be in a bad way
60	give sth up as a bad job
60	go from bad to worse
60	make the best of a bad job
60	be on your best behaviour
60	be for the best
60	second best
60	the best of both worlds
60	against your better judgement
60	go one better
60	think better of sth
60	stand sb in good stead
61	common ground
61	cut the ground from under sb's feet
61	on dangerous ground
61	get in on the ground floor
61	gain ground
61	get (sth) off the ground
61	give ground
61	go to ground
61	be thick/thin on the ground
61	prepare the ground
61	sb's stamping/stomping ground
61	shift your ground
61	suit sb down to the ground
61	wish the ground would swallow you up
61	be thick on the ground
61	be thin on the ground
62	avoid sth like the plague
62	be as blind as a bat
62	like a bat out of hell
62	be like a bear with a sore head
62	be as busy as a bee
62	as bold as brass
62	look like something the cat brought/dragged in
62	be like a red rag to a bull
62	as cunning/sly as a fox
62	look like something the cat dragged/brought in
62	be as slippery as an eel
62	as far as the eye can see
62	have eyes like a hawk
62	be as plain as the nose on your face
62	be as light as a feather
62	be like a fish out of water
62	be as flat as a pancake
62	be as good as gold
62	like greased lightning
62	as heavy as lead
62	have a memory like a sieve
62	be as strong as an ox
62	be as ugly as sin
62	as sly/cunning as a fox
62	as ugly as sin
