1,52	ask out sb or ask sb out	to invite someone to come with you to a place such as the cinema or a restaurant, especially as a way of starting a romantic relationship
1,2	break down	if a machine or vehicle breaks down, it stops working
1,25	bring back sth or bring sth back	to make someone remember or think about something from the past
1,31,64	bring up sth or bring sth up	to start to talk about a particular subject, or open something on a screen
1,2,33	call off sth or call sth off	to decide that a planned event or activity will not happen, especially because it is no longer possible or useful
1,6	come across sth/sb	to discover something by chance, or to meet someone by chance
1,68	do away with sth	to get rid of something, or to stop using something
1,63	drop off sb/sth or drop sb/sth off	to take someone to a place that they want to go to, or to deliver something to a place, usually in a car, often when you are going somewhere else
1,60	eat out	to eat a meal in a restaurant, not at home
1,9	look after sb/sth	to take care of someone or something by doing what is needed to keep them well or in good condition
1,9	look down on sb/sth	to think that someone is less important than you, or to think that something is not good enough quality for you to use
1,9	look forward to sth/doing sth	to feel pleased and excited about something that is going to happen
1,9,26	look up	if a situation is looking up, it is improving
1,9	look up sb or look sb up	to visit someone who you have not seen for a long time when you are visiting the place where they live
1,9	look up sth or look sth up	to look at a book or computer in order to find a piece of information
1,10	make out sb or make sb out	to understand why someone behaves in the way that they do
1,18	mess sb about/around	informal to treat someone badly, especially by changing your mind a lot or not doing what you have promised
1,17,44	note down sth or note sth down	to write or type words or numbers, often so that you do not forget them
1	play up	British & Australian if a machine or part of a machine plays up, it does not work as it should
1,2,11,33	put off sth/doing sth or put sth off	to decide or arrange to do something at a later time
1,11,19	put up with sth/sb	to accept unpleasant behaviour or an unpleasant situation, even though you do not like it
1,15	send off sth or send sth off	to send a letter, document, or parcel by post
1,36	sort out sth or sort sth out	to make a decision about something by discussing it with someone else or by considering it carefully
1,2,5,13	turn up	if someone or something turns up somewhere, they arrive at that place
2,39	brush aside sb/sth or brush sb/sth aside	to refuse to listen to what someone says, or to refuse to think about something seriously
2	chase up sth or chase sth up	to try to get something that belongs to you or that you need, or to try to discover more information about something
2	cut off sb/sth or cut sb/sth off	to prevent people from reaching a place or leaving a place
2	cut out	if an engine, machine or piece of equipment cuts out, it suddenly stops working
2,14	cut out sth or cut sth out	to remove something by cutting, especially something made of paper or cloth
2,32	dress up (sb) or dress (sb) up	to put on formal or special clothes for a special occasion, or to put them on someone else
2,39	fall for sth	to be tricked into believing something that is not true
2,7	get away	to leave a place or person, often when the situation makes it difficult for you to do this
2,5,7	get on	if two or more people get on, they like each other and are friendly to each other
2,5,62	get on (sth)	to go onto a bus, train, aircraft, or boat
2,38	give in	to finally agree to what someone wants after a period when you refuse to agree
2,42	give in sth or give sth in	to give a piece of written work or a document to someone for them to read, judge, or deal with
2	go against sth/sb	to do the opposite of what someone has asked or advised you to do
2	go down	to become lower in level
2,8	go through sth	to experience an unpleasant or difficult situation or event
2,16	keep on doing sth	to continue to do something, or to do something again and again
2,14	leave out sb/sth or leave sb/sth out	to not include someone or something
2	look back	to think about or remember something that happened in the past
2,10	make out sth/sb or make sth/sb out	to be able to see or hear something or someone, usually with difficulty
2,63	pick up sb/sth or pick sb/sth up	to collect someone who is waiting for you, or to collect something that you have left somewhere or that you have bought
2,30	see to sth/sb	to deal with something that needs doing or to help someone who needs your help
2	take off sth or take sth off	to remove something, especially something that you are wearing
2	turn off sth or turn sth off	to touch a switch so that a machine or a piece of electrical equipment stops working, or to stop the flow or supply of something [e.g. water, electricity]
3,17	fall over	if someone falls over, they fall to the ground
3	invite along sb or invite sb along	to ask someone if they would like to go with you to an event or activity
3,59	invite around/round sb or invite sb around/round	to ask someone to come to your home
3	invite back sb or invite sb back	to ask someone to come to your home after you have been out somewhere together
3	invite in sb or invite sb in	to ask someone if they would like to come into your house
3,59	invite out sb or invite sb out	to ask someone to go with you to a place, for example a restaurant or the cinema
3,59	invite over sb or invite sb over	to ask someone to come to your home
3	invite up sb or invite sb up	to ask someone if they would like to come upstairs
3	look for sth/sb	to try to find something or someone, either because you have lost them or because you need them
3,9,17	look over sth/sb or look sth/sb over	to quickly examine something or someone
3,17,29	move over	to change the place where you are sitting or standing so that there is space for someone else to sit or stand
3,63	pull over	to drive a car to the side of the road in order to stop
3,17	read over/through sth or read sth over/through	to read something from the beginning to the end in order to find any mistakes or to understand it better
3,36	talk over sth or talk sth over	to discuss a problem or situation, especially before making a decision about it
3,37	think over sth or think sth over	to think carefully about an idea or plan before making a decision
3,44	turn over (sth) or turn (sth) over	to turn a page in a book so that the side which was facing down is now facing up
3,58	wake up (sb) or wake (sb) up	to become conscious after sleeping, or to make someone do this
4,56	blocked-up adj	filled with something so that nothing can pass through [used of a narrow space]
4	break in	to get into a building or car by using force, usually in order to steal something
4,67	break-in n	when someone forces their way into a building or car, usually to steal something
4,66	breakthrough n	an important discovery or success that helps you achieve or deal with something
4	bystander n	a person who sees something happening but who is not involved
4,26	changeover n	a complete change from one system or method to another
4,62	check-in n	the place at an airport where you go to say that you have arrived for your flight
4	checkout n	the place where you pay for things in a big shop
4	cover-up n	an attempt to stop people discovering the truth about something bad
4	cutback n	a reduction in the amount of money that is being spent on something
4,27	downfall n	the sudden failure of a person or organisation, or something that causes this
4,43,55	drop out	if a student drops out, they stop going to classes before they have finished their course
4	dropout n	a person who leaves school or college before finishing a course
4	fall down	to fail because of not being satisfactory for a particular purpose
4	goings-on n	strange or amusing events
4,42	handout n	a piece of paper that is given to people who go to a talk or class and which has information on it about the subject dealt with in the talk or class
4,60	leftovers n	food that was prepared for a meal but not eaten
4,9	look on	to watch an activity or event without becoming involved in it
4,9	onlooker n	a person who watches an activity or event without becoming involved in it
4,34	mix-up n	a mistake caused by confusion which prevents something from being done or causes something to be done incorrectly
4,38	outcry n	a public expression of anger or disapproval
4,28	outset n	the beginning of something
4,63	pile-up n	an accident involving several cars
4	put-down n	an unkind remark that makes someone seem foolish
4,48	rip off sb or rip sb off	informal to cheat someone by making them pay too much money for something
4,48	rip-off n	informal something that costs far too much money
4,31	run-through n	a practice or rehearsal
4,40	show-off n	someone who tries to make people admire them in a way other people find annoying
4,30	tear down sth or tear sth down	to destroy a building or other structure because it is not being used or it is not wanted any more
4,49	turnover n	the total amount of money made by a company or business in a particular period of time
4,57	warm up (sth) or warm (sth) up	to prepare yourself for a physical activity by doing some gentle exercise
4,57	warm-up n	a preparation for physical activity
5	blow up	informal to suddenly become very angry
5	blow up (sth/sb) or blow (sth/sb) up	to destroy something or kill someone with a bomb, or to be destroyed or killed with a bomb
5,29	blow up sth or blow sth up	to fill something [e.g. balloon, tyre] with air
5,13	clear up (sth) or clear (sth) up	to make a place tidy and clean, especially by putting things where they usually belong
5	get down to sth/doing sth	to start doing something seriously and with a lot of your attention and effort
5,61	let up	informal if bad weather or an unpleasant situation lets up, it stops or improves
5	slip up	informal to make a mistake
5	take in sb or take sb in	to let someone stay in your house
5	take in sth or take sth in	if a boat takes in water, water enters the boat through a hole
5,13	tidy up (sth) or tidy (sth) up	to make a room or a group of things tidy by putting things in the correct place
6	come about	when you say how or why something comes about, especially something which is not planned, you explain how or why it happens
6	come along	to arrive at a place
6	come apart	if something comes apart, it separates into pieces
6	come down to sth	if a situation or decision comes down to something, that is the thing that will influence it most
6,27	come off	to happen successfully or as planned
6	come out	if dirt or colour comes out of something, especially clothing or cloth, it disappears or becomes less strong after being in water
6	come to sth	if you come to a decision or a conclusion, you make a decision about something, or you decide what you think about something
6	come up	if a subject [e.g. issue, name] comes up in a conversation, it is discussed or mentioned
7	be getting at sth	informal if you ask someone what they are getting at, you are asking them what they mean, usually because they have expressed something indirectly
7	can’t/couldn’t get over sth	if someone can’t get over something, they are very surprised or shocked that something has happened or that something is true
7	get around/round sth	to find a way of dealing with or avoiding a problem
7	get around/round to sth/doing sth	to do something that you have intended to do for a long time
7	get at sth	see be getting at sth
7	get behind	if you get behind with work or with payments, you have not done as much work or paid as much money as you should by a particular time
7	get by	to have just enough money to pay for the things that you need, but nothing more
7	get sth over with	to do and complete something difficult or unpleasant that must be done
7	get together (sb) or get (sb) together	if two or more people get together, or if someone gets two or more people together, they meet in order to do something or spend time together
7	getting at sth	informal if you ask someone what they are getting at, you are asking them what they mean, usually because they have expressed something indirectly
8	go about doing sth	if someone goes about doing something for a long time, they spend their time behaving badly or doing something that is unpleasant for other people
8	go about sth/doing sth	to start to do something or deal with something
8	go for sth	to choose something
8	go in for sth	to compete in a competition, or to do an exam
8	go off	to leave a place and go somewhere else
8	go on	to continue to exist or happen
8,41	Go on!	informal something that you say to encourage someone to do something
8	go out	if a light goes out, it stops giving light
8	go through with sth	to do something unpleasant or difficult which you have planned or promised to do
8	go together	if two types of thing or people go together, they are usually found with each other
8	go without (sth)	to not have something which you usually have
9	look ahead	to think about what will happen in the future and plan for these events
9	look around/round	to try to find something you want [e.g. job] by asking different people or by looking in different places
9	look at sth	to consider a subject carefully in order to make a decision about it
9,21	look into sth	to discover and examine the facts about a problem or situation
9,66	look out for sb/sth	to carefully watch the people or things around you so that you will notice a particular person or thing
9,66	lookout n	a person who is watching for danger
9,17,20	look through sth	to read something quickly and not very carefully
9	look up to sb	to respect and admire someone
10	make for swh	to go in the direction of a place
10	make out sth or make sth out	to understand something, especially the reason why something has happened
10	make up sth or make sth up	to say or write something that is not true [e.g. excuse, report, story] in order to deceive someone
10	make up sth	to form the whole of something
10	make-up n	the combination of things which form something
10	make up for sth	to replace something that has been lost, or to provide something good in order to make a bad situation better
10	make it up to sb	to do something good for someone who you have done something bad to in the past, or to someone who has done something good for you
11	be put out	to be annoyed, often because of something that someone has done or said to you
11,39	put across sth or put sth across	to explain or express something clearly so that people understand it easily
11	put back sth or put sth back	if you put a watch or clock back, you make it show an earlier time
11	put down (sth) or put (sth) down	to land in an aircraft, or to make an aircraft land
11	put forward sth or put sth forward	if you put forward a clock or watch, you make it show a later time
11,64	put in sth or put sth in	to fix new equipment or a new system in the correct place in a room or building, or to type [data] into a computer
11	put off sb or put sb off	to tell someone that you cannot see them or do something for them until a later time
11	put on sth or put sth on	to make a device [e.g. light, fire] work by pressing a switch
11	put out	to be annoyed, often because of something that someone has done or said to you
11	put up sth or put sth up	to build a structure [e.g. wall, building, statue]
12	be taken up with sth	to be very busy doing something
12	take apart sth or take sth apart	to separate something into its different parts
12	take aside sb or take sb aside	to separate someone from a group of people so that you can speak to them privately
12	take away sth or take sth away	if you take one number away from another one, you subtract the first number from the second
12	take back sth or take sth back	to return something to the person or organisation that you borrowed or bought it from
12	take off	to suddenly leave somewhere, especially without telling anyone that you are going
12	take off sth or take sth off (sth)	to subtract a particular amount from a total
12	take out sth or take sth out	to arrange to get an official document [e.g. insurance policy] from an organisation or court of law
12	take to sth/doing sth	to start to do something often
12	take up sth or take sth up	to start doing a particular job or activity
12	take sb up on sth	to accept an offer that someone has made
12	taken up with sth	to be very busy doing something
13	chop up sth or chop sth up	to cut something, especially food, into small pieces
13	clog up (sth) or clog (sth) up	if something [e.g. road, pipe] clogs up, or if something clogs it up, it becomes blocked and nothing in it is able to move
13	divide up (sth) or divide (sth) up	to separate something into smaller parts or groups, or to form smaller parts or groups
13	drink up (sth) or drink (sth) up	to completely finish your drink
13	eat up sth or eat sth up	to eat all the food you have been given
13	hang up sth or hang sth up	to hang something, especially clothes, on a hook
13	jumble up sth or jumble sth up	to mix things together in an untidy way
13	liven up (sth) or liven (sth) up	to become more interesting and exciting, or to make something become like this
13	load up (sth) or load (sth) up	to put a lot of things into a vehicle or machine
13	open up (sth) or open (sth) up	to start a new shop or business
13,49,64	set up sth or set sth up	to start a company or organisation, or to get something ready to use
13,49	set-up n	the way in which things are organised or arranged
13	show up	to arrive, especially at a place where people are expecting you
13	sweep up (sth) or sweep (sth) up	to remove rubbish or dirt, usually from the floor, using a brush
13,64	use up sth or use sth up	to finish a supply of something
14	burnout n	illness or extreme tiredness because you have been working too hard
14	clear out sth or clear sth out	to make a place tidy by removing things that are unwanted
14	help out (sb) or help (sb) out	to help someone, especially by giving them money or by doing work for them
14	let out sb/sth or let sb/sth out	to allow a person or animal to leave somewhere, especially by opening a locked or closed door
14	lock out sb or lock sb out	to prevent someone from entering a building by locking the door
14	lock yourself out	to accidentally prevent yourself from getting into a building or vehicle by leaving the keys inside when you shut the door
14	lose out	to not have an advantage that other people have
14,64	run out (of)	to use all of something so that there is none left
14	see out sb or see sb out	to go with someone to the door of a room or building when they are leaving
14	show out sb or show sb out	to lead a visitor who is leaving to the door of a room or building
14	spread out	arrange on a flat surface
14	stressed-out adj	very worried and anxious
14	try out sth or try sth out	to test something in order to find out if it works or to decide whether you like it
14	wear out (sth) or wear (sth) out	use something so much that it becomes weak or damaged and cannot be used any more, or to become weak and damaged in this way
15	break off	to suddenly stop speaking
15	clear off	informal to leave a place quickly
15	doze off	informal to gradually start to sleep, especially during the day
15	head off	to start a journey or leave a place
15	hold off (sth/doing sth)	to delay something or doing something
15	laugh off sth or laugh sth off	to laugh about something unpleasant in order to make it seem less important or serious
15	lift off	if a spacecraft or aircraft lifts off, it leaves the ground
15	lift-off n	the moment when a spacecraft leaves the ground
15	off-putting adj	unattractive or unpleasant
15	put off sb or put sb off (sb/sth/doing sth)	to make someone not like someone or something, or not want to do something
15	run off sth or run sth off	to print several copies of something
15	see off sb or see sb off	to go to the place that someone is leaving from in order to say goodbye
15	sell off sth or sell sth off	to sell all or part of a business
15	slip off	to leave a place quietly so that other people do not notice you going
15	turn off sb or turn sb off (sth)	to make someone decide that they are not interested in something
16	call in	British & American to visit a place or person for a short time, usually while you are going somewhere else
16	count on sb	to have confidence in someone because you know that they will do what you want
16	depend on sb/sth	to trust someone or something and know that they will help you or do what you expect them to do
16	lock in sb or lock sb in	to prevent someone from leaving a room or building by locking the door
16	pass on sth or pass sth on	to give something to someone else
16	push in	informal, British & American to rudely join a line of people who are waiting for something by moving in front of some of the people who are already there
16	put-on adj	pretend or not genuine
16	rely on sb/sth	to trust someone or something to do what you need them to do
16	rub in sth or rub sth in	to put a substance [e.g. ointment] onto the surface of something and to rub it so that it goes into the surface
16	sink in	if a fact or idea, especially a surprising or unpleasant one, sinks in, you gradually start to believe it or realise what effect it will have on you
16	try on sth or try sth on	to put on a piece of clothing to find out whether it fits you or whether you like it, especially before buying it
16	weigh on sb/sth	if a problem or responsibility weighs on you, it makes you worried or unhappy
17	blow down (sth) or blow (sth) down	if something blows down, or if the wind blows something down, that thing falls to the ground because the wind blows it
17,60	boil over	if a liquid that is being heated boils over, it flows over the side of the pan
17	check over sth/sb or check sth/sb over	to examine something or someone to make sure that they are correct, healthy or working properly
17	chop down sth or chop sth down	to cut through a tree or a group of trees so that they fall to the ground
17	close down (sth) or close (sth) down	if a business or organisation closes down, or if someone or something closes it down, it stops doing business
17,66	crack down	if someone in authority [e.g. police, government] cracks down, they start treating people much more strictly in order to try to stop them from doing things they should not do
17	cut down	to eat or drink less of a particular thing, usually in order to improve your health
17	cut down sth or cut sth down	if you cut down a tree or a bush, you make it fall to the ground by cutting it near the bottom
17,26	get over sth	to begin to feel better after an experience that has made you unhappy; see can’t/couldn’t get over sth
17	go over sth	to talk or think about something in order to explain it or make sure that it is correct
17	hand over sth or hand sth over	to give something to someone else
17	hold down sth or hold sth down	to control the level of something [e.g. prices, costs, inflation] and to prevent it from increasing
17,30	knock over sth/sb or knock sth/sb over	to hit or push something or someone, especially accidentally, so that they fall to the ground or onto their side
17	load down sb or load sb down	to give someone too many things to carry
17,39	put over sth or put sth over	to express an idea clearly so that people understand it
17	read through	to read something from the beginning to the end in order to find any mistakes or to understand it better
17	shut down (sth) or shut (sth) down	if a factory or business shuts down, or if someone shuts it down, it closes and stops working
17	stay over	to spend the night somewhere instead of returning to your home or continuing your journey
17	take down sth or take sth down	to write or type something, especially something that someone says
17	wear down (sth) or wear (sth) down	to make someone feel tired and less able to deal with a situation
17	weigh down sb or weigh sb down	if you are weighed down with something, you are carrying too much of it
18	bash sth/sb about	to treat something or someone in a rough way
18	fool around	to spend time having fun or behaving in a silly way
18	hang about/around/round (swh)	informal to spend time somewhere, usually without doing very much
18	laze about/around	to relax and enjoy yourself by doing very little
18	lie about/around	informal to spend time lying down and doing very little
18	look around/round (swh)	to walk through a building or around a place and look at the things in it
18	mess about/around	to spend time playing or doing things with no particular purpose
18	mill about/around (swh)	to walk around a particular place or area, usually while waiting for something
18,31	order sb about/around	to tell someone what they should do all the time
18	see sb about/around	to see someone in the places you usually see them
18	show sb around/round (swh)	to go with someone to a place that they have not visited before and show them the interesting parts
18	sit about/around (swh)	to spend time sitting down and doing very little
18	stand about/around/round	to spend time standing in a place waiting for someone or doing very little
18	stick around	informal to stay somewhere for a period of time
18	take around/round sb or take sb around/round (swh)	to walk through a building or to visit a place with someone, showing them the most interesting or important parts
18	wait about/around	to stay in one place without doing anything while you are waiting for something to happen
19	be dying for sth	informal to want something very much, especially food or drink
19	call for sb	to visit a place in order to collect someone
19	catch up with sb	to meet someone you know, after not seeing them for a period of time
19	deal with sth	if something [e.g. book, film, article] deals with a particular subject or idea, it is about that subject or idea
19	die for sth	informal see be dying for sth
19	dying for sth	informal to want something very much, especially food or drink
19,60	go with sth	if one thing goes with another, they suit each other or they look or taste good together
19	live for sth/sb	to believe that something or someone is the most important thing or person in your life
19	root for sb	informal to show support for someone in a competition, or to hope that someone will succeed in doing something difficult
19	send for sb	to send someone a message asking them to come to see you
19	stand for sth	if a letter stands for a word or name, it is the first letter of that word or name and it is used to represent it
19	stick with it	informal to continue doing something even though it is difficult
20	answer (sb) back	if someone, especially a child, answers back, or answers someone back, they reply rudely to someone they should be polite to
20	bite back	to do something bad to someone because they have done something bad to you
20	bite back sth or bite sth back	to stop yourself from saying something that shows your real feelings or thoughts
20	bounce back	if an e-mail bounces back, it comes back to you because the address is wrong or there is a computer problem
20,50	call back/round (sb) or call (sb) back	to call someone for the second time or to call someone who called you earlier
20	cashback n	money from your bank account that you can get from a shop when you buy goods with a debit card
20	email back (sb) or email (sb) back	to send a reply to someone by email, usually a reply to an email someone has sent you
20	flick through sth	to look briefly at the pages of something [e.g. book, magazine]
20	go back sth	informal if people go back a number of years, they have been friends for that many years or since that time
20	live through sth	to experience a difficult situation or event
20	phone (sb) back	to call someone for the second time or to call someone who rang you earlier
20,50	ring (sb) back	to call someone for the second time, or to call someone who rang you earlier
20	see through sb/sth	if you see through someone who is trying to deceive you, or if you see through someone’s behaviour, you realise what they are really like and what they are trying to do
20	send back sth or send sth back	to return something to the company you bought it from because it is unsuitable or damaged
20	sleep through sth	if someone sleeps through a noise or an activity, the noise or activity does not wake them
20	take sb through sth	to explain something to someone, or to show someone how to do something
20	text back sb or text sb back	to send a text message in reply to someone
21	bang into sth	to knock against something, usually by accident
21	bump into sb	to meet someone you know when you had not planned to meet them
21	burst into sth	to suddenly start to make a noise, especially to start crying, laughing or singing
21	buy into sth	informal to completely believe in a set of ideas
21	enter into sth	to start to become involved in something, especially a discussion
21	keep away (sb/sth) or keep (sb/sth) away	to not go somewhere or near something, or to prevent someone or something from going somewhere or near something
21	launch into sth	to start doing or saying something [e.g. speech, story] in a very enthusiastic way
21	lock yourself away	to go to a room or building where you can be alone, usually so that you can work
21	pack away sth or pack sth away	to put something into a bag or container, or to put something in the place where it is usually kept
21	put sb on/onto sth	to tell someone about something or someone that could help them, often something or someone they did not know about before
21	read sth into sth	to believe that an action, remark, or situation has a particular importance or meaning, often when this is not true
21	run away	to secretly leave a place because you are unhappy there
21	run into sb	to meet someone that you know when you did not expect to meet them
21	scare away sb/sth or scare sb/sth away	to make a person or animal so frightened that they go away
21	stay away from sth	to avoid something that has a bad effect on you
21	tear sb away	to force someone to stop doing something that they enjoy in order to do something else
21,69	throw yourself into sth	to start doing something with a lot of enthusiasm and energy
21	tidy away sth or tidy sth away	British & Australian to put things in cupboards and drawers, etc. after you have been using them
21	turn away	to move your face so you are not looking at something
22	clock in/on	to record the time you arrive at work, usually on a machine with a clock
22	clock off/out	to record the time you leave work, usually on a machine with a clock
22	fit in sb/sth or fit sb/sth in	to find time to do something or see someone
22	hang on	informal to wait, especially for a short time
22	hang out/around/round swh or with sb	informal to spend a lot of time in a particular place, or to spend a lot of time with someone
22	latch on to/onto sb	to spend time with someone, especially when they do not want you with them
22	muck about/around	informal to waste time doing silly things
22	pushed for sth	to have very little or not enough of something, especially time or money
22	run out	if a document or official agreement runs out, the period of time it lasts for comes to an end
22	while away sth or while sth away	to spend time in a relaxed way because you are waiting for something or because you have nothing else to do
23	be left over	to exist from an earlier time
23	bygone adj	from the past
23	date back	to have existed since a particular time
23	drag on	if an unpleasant or difficult situation or process drags on, it continues for too long
23	go by	if time goes by, it passes
23	hold up sth/sb or hold sth/sb up	to delay something or someone
23	hold-up n	a delay
23	hurry up sb/sth or hurry sb/sth up	to make someone do something more quickly, or to make something happen sooner
23	keep up	to go at the same speed as someone or something that is moving forward, so that you stay level with them
23	left over	to exist from an earlier time
23	leftover adj	existing from an earlier time
23	lie ahead	if an event or situation that will cause problems lies ahead, it will happen in the future
23	pass by	if time or a period of time [e.g. week] passes by, it goes past
23	run on	to continue for longer than expected
23	take back sb or take sb back	if something takes you back, it makes you remember a period or an event in the past
23	think back	to think about things that happened in the past
24	be cut off	to be a long way from other places and people
24	be tucked away	to be in a quiet or hidden place which not many people see or go to
24	brighten up sth or brighten sth up	to make somewhere more attractive, often by adding colours
24	call back	to go back to a place in order to visit someone or collect something that you were unable to visit or collect earlier
24	cut off	to be a long way from other places and people
24	dotted around	if people or things are dotted around, they are in different parts of an area and are not close together
24	leave behind sth/sb or leave sth/sb behind	to leave a place without taking something or someone with you, either because you have forgotten them or because you cannot take them with you
24	open onto sth	if a room, window, or door opens onto a place, it opens in the direction of that place or has a view of it
24	stay behind	to not leave a place when other people leave it
24	stay in	to remain at home, especially in the evening
24	stay on	to stay in a place longer than you planned or after other people have left it
24	stay out	to not come home at night, or to come home late
24	stretch away	if an area of land stretches away, it continues over a long distance
24	tucked away	to be in a quiet or hidden place which not many people see or go to
25	bring about sth or bring sth about	to make something happen
25	lie behind sth	to be the real reason for something
25	pay back sb or pay sb back	to do something unpleasant to someone because they have done something unpleasant to you
25,36	rule out sth/sb or rule sth/sb out	to decide that something or someone is not suitable for a particular purpose, or to decide that something is impossible
25	set off sth or set sth off	to cause a loud noise or explosion [e.g. bomb, firework, alarm] to begin or happen
25	set sb off (doing sth)	to make someone start to laugh, cry, or talk about something that they often talk about
25	spark off sth or spark sth off	if something sparks off an activity [e.g. fighting, violence] or a state, it causes it to suddenly happen or exist
25	spring from sth	to be caused by something
25	trigger off sth or trigger sth off	to make something suddenly begin, often a difficult or violent situation
26	blow over	if an unpleasant situation [e.g. argument] blows over, it gradually becomes less important and is then forgotten
26	fill up (sth) or fill (sth) up	to become full, or to make something become full
26,28	give up (sth) or give (sth) up	if you give up a habit [e.g. smoking, drinking] or give up something unhealthy [e.g. cigarettes, alcohol], you stop doing it or having it
26	go up	if an amount, rate, or standard goes up, it rises
26	heat up (sth) or heat (sth) up	to become warm or hot, or to make something warmer or hotter
26	pan out	to develop or happen in a particular way
26	phase in sth or phase sth in	to make a new system, process, or law gradually begin to happen or exist
26	phase out sth or phase sth out	to gradually stop using or supplying something
26	pick up	if something [e.g. business, economy, trade] picks up, it improves or increases after a bad period
26	stick with sth	to do or use something as you had planned and not change to something else, or to continue doing something even though it is difficult
26	wake up to sth	to become aware of a situation or problem
26	wear off	if feeling or the effect of something [e.g. anaesthetic, alcohol] wears off, it gradually disappears
27	bring off sth or bring sth off	to succeed in doing something difficult
27	build on sth	to use a success or achievement as a base from which to achieve more success
27	catch on	to become popular
27,42	catch up	to reach the same quality or standard as someone or something else
27	muddle through	to succeed in doing something even though you have difficulties because you do not really know how to do it
27	pay off	if something that you have done to try to achieve something pays off, it is successful
27	pull off sth or pull sth off	to succeed in doing or achieving something difficult
27	stay ahead	to continue to be more advanced and successful than other people
27	take over	to become more successful or powerful than something or someone else that is involved in the same type of activity
27	walk into sth	to get a job very easily
28	break off (sth) or break (sth) off	to stop doing something
28	finish off sth or finish sth off	to complete the last part of something that you are doing
28	fizzle out	to gradually end or disappear, especially in a disappointing way
28	give up sth or give sth up	to stop doing a regular activity or a job
28	give up (sth/doing sth) or give (sth) up	to stop doing an activity or piece of work before you have completed it, usually because it is too difficult
28	pack up (sth) or pack (sth) up	to collect your things together and put them into bags or boxes, especially when you have finished doing something
28	polish off sth or polish sth off	informal to finish something quickly and easily, especially a large amount of food or a piece of work
28	set about sth/doing sth	to start doing something, especially something that uses a lot of time or energy
28	start off	to start a life, existence, or profession in a particular way
28	start out	to start a life, existence, or profession in a particular way
28	wind down	to gradually relax after doing something that has made you feel tired or worried
29	get down sth or get sth down	to get something that is above your head by reaching with your hand
29	help sb off with sth	to help someone remove a piece of outer clothing [e.g. coat]
29	help sb on with sth	to help someone to put on a piece of clothing
29	move up	British & Australian to move slightly so that there is enough space for someone else
29	pick up sth/sb or pick sth/sb up	to lift something or someone by using your hands
29	pop out	informal to leave the place where you are and go somewhere for a short time
29	reach out (sth) or reach (sth) out	to stretch your arm in front of your body, usually in order to get or touch something
29	slow down (sth/sb) or slow (sth/sb) down	to become slower, or to make something or someone slower
29	slow up (sth/sb) or slow (sth/sb) up	to become slower, or to make something or someone slower
29	tear up sth or tear sth up	to tear something, especially paper or cloth, into a lot of small pieces
29	tie up sth or tie sth up	to put string or rope around something so that it is fastened together
29	wrap up sth or wrap sth up	to cover something in paper, cloth, or other material, especially in order to give it to someone as a present or in order to protect it
30	bend over backwards to do sth	to try extremely hard to do something to help or please someone
30	fall apart	if something falls apart, it breaks or breaks into pieces because it is old or weak
30	fight back	to defend yourself when someone or something attacks you or causes problems for you
30	pull down sth or pull sth down	to destroy a building or other structure because it is not being used or it is not wanted any more
30	screw up sth or screw sth up	to twist and crush paper or material with your hands
30	see sb through (sth)	to help or support someone during a difficult period in their life
30	setback n	a problem that makes something happen later or more slowly than it should
30	stamp out sth or stamp sth out	to get rid of something that is considered wrong or harmful
30	tear apart sth or tear sth apart	to pull something violently so that it breaks into two or more pieces
30	turn on/upon sb	to attack someone or criticise someone very strongly
31	bubble over	to be very excited and enthusiastic
31	butt in	to interrupt a conversation or discussion or someone who is talking
31,70	come back to sth	to start talking about a particular subject again
31	get through to sb	to succeed in making someone understand or believe something
31	keep to sth	to do what you have promised or planned to do
31	leave aside sth or leave sth aside	to not discuss or consider a particular subject so that you can discuss a different subject
31	speak up	to publicly express your opinions about something or someone, especially in order to support them
31	spell out sth or spell sth out	to explain something in detail and in a clear way
31	turn down sb/sth or turn sb/sth down	to refuse an offer or request
31	turn to sb	to ask someone for help, sympathy or advice
32	be littered with sth	if something is littered with a particular type of thing, it has or contains a lot of that thing
32	blend in or blend into sth	if something or someone blends in, they look or seem the same as the things or people around them and so you do not notice them
32	do up sth or do sth up	to fasten something
32,69	freshen up	to quickly wash yourself so that you feel clean
32	littered with sth	if something is littered with a particular type of thing, it has or contains a lot of that thing
32	rundown adj	in poor condition or shabby
32	set apart sb/sth or set sb/sth apart	if a quality sets someone or something apart, it makes them different from and usually better than others of the same type
32	stand out	if someone or something stands out, they are very noticeable because they look different or behave differently from other people or things
32	stick out	if part of something sticks out, it comes out beyond the edge or surface of something
32	tell sth/sb apart	to be able to see the differences between two similar things or people and judge which is which
32	tell sb/sth from sb/sth	if you can tell one person or thing from a similar person or thing, you are able to say which of them is which because you can see the differences between them
32	wrap up (sb) or wrap (sb) up	to dress in warm clothes, or to dress someone in warm clothes or cover them with material that protects them from the cold
33	be booked up	if an event, person, or place is booked up, they have no space or time available for someone
33	booked up	if an event, person, or place is booked up, they have no space or time available for someone
33	cram in/into	if a lot of people or animals cram in or cram into a place, they all go into it even though it is too small for all of them and becomes very full
33	packed out adj	very full of people
33	pour in	to arrive or enter somewhere in very large numbers
33	pour out	to leave a place in large numbers
33	put forward	to change the date or time of an event so that it happens earlier than planned
33	send up sb/sth or send sb/sth up	informal to make someone or something seem stupid by copying them in a funny way
33	stand in	to do someone else’s job for a short period of time, or to take someone else’s place at an event, because that person cannot be there
33	take off sb/sth or take sb/sth off	to copy the way a person behaves, or to copy the way something is done, often in order to make people laugh
33	tie in with sth	if one event ties in with another, it is planned so that both events happen at the same time
33	turnout n	the number of people who come to watch or take part in an event or activity
34	bank on sth	to depend on something happening
34	be thrown together	if people are thrown together in a situation, that situation causes them to meet each other and to get to know each other
34	calm down (sth) or calm (sth) down	if a situation calms down, or if you calm it down, it becomes more peaceful
34	caught up in sth	to be involved in a situation, often when you do not want to be
34	crop up	if a problem crops up, it suddenly happens, often when it is not expected
34	get out of sth/doing sth	to avoid doing something that you should do, often by giving an excuse
34	hot up	informal if an event or situation hots up, it becomes more exciting and there is a lot more activity
34	mix up sb/sth or mix sb/sth up	to confuse two people or things by thinking that one person or thing is the other person or thing
34	muddle up sb/sth or muddle sb/sth up	to confuse two people or things in your mind
34	revolve around/round sth/sb	if an activity or conversation revolves around something or someone, that thing or person is the main reason for the activity, or the main subject of the conversation
34	run up against sth	if you run up against problems or difficulties, you begin to experience them
34	thrown together	if people are thrown together in a situation, that situation causes them to meet each other and to get to know each other
34	turn out	to happen in a particular way or to have a particular result
35	check up on sb	to discover what someone is doing in order to be certain that they are doing what they should be doing or what they said they would do
35	find out (sth) or find (sth) out	to get information about something because you want to know more about it, or to learn a fact or piece of information for the first time
35	give up	to stop trying to think of the answer to a joke or question
35	latch on	informal, British & Australian to understand something
35	match up	if two pieces of information match up, they are the same and this shows that the information is likely to be correct
35	point out sb/sth or point sb/sth out	to make a person notice someone or something, usually by telling them where they are or by holding up one of your fingers towards them
35	point out sth or point sth out	to tell someone a fact that they did not already know, especially one that is important in the present discussion or situation
35	slip out	if a piece of information slips out while you are talking to someone, you tell it to them without intending to
35	track down sb/sth or track sb/sth down	to find someone or something after searching for them in many different places
35,70	turn (sth) to sth	if someone turns to a particular subject, or if they turn their thoughts or attention to it, they begin to think, speak or write about it
35	watch out for sb/sth	to be careful to notice someone or something interesting
35	watch out for sth	to be careful to notice something, especially something that might cause you problems
36	bottle out	informal, British to suddenly decide not to do something because you are afraid
36	call for sth	to need or deserve a particular action or quality
36	come up with sth	to think of or to suggest a plan or idea, a solution to a problem, or an answer to a question
36	dawn on sb	if a fact dawns on you, you realise or understand something after a period of time when you did not realise or understand it
36	jump out at sb	if something jumps out at you, you notice it immediately
36	let-out n	an excuse or way of avoiding doing something you agreed to do
36	lie in sth	to exist or be found in something
36	narrow down sth or narrow sth down	to make something [e.g. list, choice, option] smaller and clearer by removing the things that are less important
36	sort yourself out	informal, British & Australian to spend time dealing with your personal problems or organising your things
36	work through sth or work sth through	to deal with a problem or difficulty by talking about it in detail
37	bargain for/on sth	to expect something to happen and be prepared for it
37	be set against sth/doing sth	to be opposed to doing or having something
37	chicken out	informal to decide not to do something you had planned to do because you are too frightened
37	could do without sth	informal something you say when something is annoying you or causing problems for you, because your situation at that time makes it difficult for you to deal with it
37	have sth on	to have an arrangement to do something
37	opt out	to choose not to be part of an activity or arrangement, or to stop being involved with it
37	plan ahead	to make decisions or plans about something you will do or something that might happen in the future
37	run sth by sb	informal to repeat something, or to tell someone about something, so that they can give their opinion of it or hear it again
37	set against sth/doing sth	to be opposed to doing or having something
37	sleep on sth	if someone sleeps on a decision or problem, they wait until the next day before they decide what to do about it
37	think ahead	to think carefully about what might happen in the future, or to make plans for things you want to do in the future
38	back down	to admit that you are wrong or that you have been defeated, often because you are forced to
38	back out	to decide not to do something that you were going to do or that you had agreed to do
38	back up sb or back sb up	to say that someone is telling the truth
38,52	fall out	to argue with someone and stop being friendly with them
38	get to sb	informal to make someone feel upset or angry
38	hold sth against sb	to like or respect someone less because they have done something wrong or behaved badly
38	put down sb or put sb down	to make someone feel stupid or unimportant by criticising them
38	speak out	to publicly express your opinions, especially in order to criticise or oppose someone or something
38	stay out of sth	to not become involved in a discussion or an argument
38	stick together	informal if two or more people stick together, they support each other, especially when they are in a difficult situation
38	stick up for sb	informal to defend a person when they are being criticised
39	bring sb around/round	to persuade someone to agree with you or to do what you want them to do
39	have sb on	to persuade someone that something is true when it is not, usually as a joke
39	press (sb) for sth	to try to persuade someone, usually someone in authority, to give you something or to allow something to happen
39	rope in sb or rope sb in	informal to persuade someone to help you with something, especially when they do not want to
39	talk sb around/round	to persuade someone to agree with you or to do what you want them to do
39	talk sb into sth/doing sth	to persuade someone to do something
39	talk sb out of sth/doing sth	to persuade someone not to do something
40	be playing at sth	if you ask what someone is playing at, you ask what they are doing, in a way which shows that you are surprised and angry
40	hit back	to criticise or attack someone who has criticised or attacked you
40,69	lay into sb	to attack or criticise someone in an angry way
40	measure up	to be good enough
40	outstanding adj	extremely good, or of a very high standard
40	pick on sb	to choose one person from a group of people to criticise or treat unfairly, especially when they are smaller or weaker than you
40	playing at sth	if you ask what someone is playing at, you ask what they are doing, in a way which shows that you are surprised and angry
40	rub sth in	informal to talk to someone about something which you know they want to forget because they feel bad about it
40	screw up (sth) or screw (sth) up	informal to make a mistake, or to damage or spoil something
40	show off	to try to make people admire your abilities or achievements in a way which other people find annoying
40	take out sth on sb or take sth out on sb	to treat someone badly because you are upset or angry, even though they have done nothing wrong
41	Come on!	something that you say to someone in order to encourage them to do something you want them to do, especially to hurry up, to try harder, or to tell you something
41	Fire away!	informal something that you say in order to tell someone that you are ready for them to start asking you questions, or to start speaking
41	Hang on!	informal something that you say when you are confused or surprised by something and you need to think
41,50	hold on	to wait for a short time
41	Hold on!	something you say to show that you are surprised or confused about something and that you need time to think about it for a short time
41	hurry up	to do something more quickly
41	keep it up	to continue to do something, especially to work hard or to do good work
41	lighten up	to become more relaxed and less serious
41	Lighten up!	informal something you say to tell someone to stop being so serious or annoyed
41	Look out!	something you say or shout in order to tell someone that they are in danger
41	Mind out!	British & American something that you say in order to tell someone to be careful or to warn someone of a danger
41	Spit it out!	informal something you say to encourage someone to tell you something which they do not want to tell you
41	Steady on!	British & Australian something that you say in order to tell someone that you think what they are saying is too extreme
41	Watch out!	something you say to tell someone to be careful so that they can avoid danger or an accident
42	act out sth	to perform the actions and say the words of a situation or story
42	clean off	to remove writing from something by cleaning it with a cloth
42	cross out sth or cross sth out	to draw a line through something that you have written, usually because it is wrong
42	fall behind (sth/sb)	to fail to develop at the same rate as something else, or to fail to achieve a standard reached by other people
42	give out sth or give sth out	to give something to a large number of people
42	hand in sth or hand sth in	to give a piece of written work [e.g. essay] to a teacher
42	hand out sth or hand sth out	to give something to each person in a group of people
42	mess up (sth) or mess (sth) up	to spoil or damage something, or to do something badly
42	miss out sb/sth or miss sb/sth out	British & American to fail to include someone or something
42	put away sth or put sth away	to store things where they are usually stored
42	rub out sth or rub sth out	to remove writing from something by rubbing it with a piece of rubber or with a cloth
42	spread out sth or spread sth out	to open something that is folded [e.g. map, towel] and put it down flat on a surface
42	turn in sth or turn sth in	to give a piece of written work [e.g. essay] to a teacher
42	wipe off	to remove writing from something by wiping it with a cloth
42	work out sth or work sth out	to do a calculation to get an answer to a mathematical question
43	break up	if schools or universities, or the people who study or work in them break up, classes end and the holidays start
43	brush up (on) sth	to practise and improve your skills or your knowledge of something that you learned in the past but have partly forgotten
43	go back	if schools or students go back, the schools are open and the students start going to lessons again after the holidays
43	keep up sth or keep sth up	to practise a skill that you learned in the past so that you continue to be good at it
43	mug up (sth) or mug (sth) up	informal, British to quickly try to learn the main facts about a subject, especially before an exam
43	pick up sth or pick sth up	to learn a new skill or language by practising it rather than being taught it
43	polish up sth or polish sth up	to practise and improve your skills or your knowledge of something that you learned in the past but have partly forgotten
43,64	sign up	to arrange to take part in an activity, or agree to receive something
43	swot up (sth) or swot (sth) up	informal, British & Australian to learn as much as you can about something, especially before an exam
43	throw out sb or throw sb out	to force someone to leave a college, school, house or organisation
44	dip into sth	to read small parts of a book or magazine
44	fill in sth or fill sth in	to write or record the necessary information on an official document [e.g. form, questionnaire]
44	fill out sth or fill sth out	to write or record the necessary information on an official document [e.g. form, questionnaire]
44	jot down sth or jot sth down	to write or record something quickly on a piece of paper or an electronic device so that you remember it
44	read out sth or read sth out	to read something and say the words aloud so that other people can hear
44	read up on sth	to read a lot about a particular subject in order to learn about it
44	scribble down sth or scribble sth down	to write something very quickly on a piece of paper
44	set out sth or set sth out	to give all the details of something, or to explain something clearly, especially in writing
44	tone down sth or tone sth down	to make a piece of writing, a speech, or a performance less offensive or less critical
44,70	touch on sth	to mention a subject briefly when speaking or writing about something
44	write out sth or write sth out	to write information on a document [e.g. cheque, prescription] so that it can be used
45	could do with sth/sb	to need or want something or someone
45	do with	see could do with sth/sb to need or want something or someone
45	fill in sb or fill sb in	to tell someone about the things that have happened while they have not been there, or to give someone the information they need in order to do something
45	fix up sb/sth or fix sb/sth up	to provide or arrange something for someone
45	get ahead	to be successful in the work that you do
45	hand over (sth/sb) or hand (sth/sb) over	to give someone else responsibility for or control of something or someone
45	knock off (sth)	informal to stop working, usually at the end of a day
45	lay off sb or lay sb off	to stop employing someone because there is no work for them to do
45	leave sb to sth	informal to go away from someone so that they do something by themselves or so they can continue what they are doing
45	pencil in sth/sb or pencil sth/sb in	to arrange for something to happen or for someone to do something on a particular date, knowing that the arrangement might be changed later
45	pull together	to work as a group in order to achieve something
45	stand down	British & Australian to leave an important job or official position so that someone else can do it instead
45	step down	to leave your job, especially so that someone else can do it
45	take on sb or take sb on	to begin to employ someone
45	take over (sth) or take (sth) over	to start doing a job or being responsible for something that someone else was doing or was responsible for before you
46	be tied up	informal to be busy so that you are unable to see or speak to anyone else or go anywhere
46	branch out	to start to do something different from what you usually do, especially in your job
46	catch up on/with sth	to do something you did not have time to do earlier
46	chase up sb or chase sb up	to ask someone to do something that they said they would do but that they have not done yet
46	keep (sb) at sth	to continue working hard at something difficult or something which takes a long time, or to make someone continue to work hard
46	move (sth) along	if a process moves along, or if you move a process along, it develops in a satisfactory way
46	slave away	to work very hard with little or no rest
46	snowed under	informal to have so much work that you have problems dealing with it
46	squeeze in sth/sb or squeeze sth/sb in	to manage to do something or see someone when you are very busy and do not have much time available
46	stick at sth	to continue to work hard at something even though it is difficult or tiring
46	tied up	informal to be busy so that you are unable to see or speak to anyone else or go anywhere
46	work on sth	to spend time working in order to produce or repair something
46	work towards sth	to try hard to achieve something
46	wriggle out of sth	informal to avoid doing something that other people think you should do, often in a dishonest way
47	cut back (sth) or cut (sth) back	to reduce the amount of money that is being spent on something
47	get sth back or get back sth	if you get something back, something that you had before is given to you again
47	give away sth or give sth away	to give something to someone without asking for payment
47	knockdown adj	very low [in price]
47	pay back sb/sth or pay sb/sth back	to pay someone the money that you owe them
47	pay off sth or pay sth off	if you pay off a debt [e.g. loan, mortgage, overdraft], you pay back all the money you owe
47	pay up	informal to give someone the money that you owe them, especially when you do not want to
47,48	run up sth or run sth up	if you run up a debt [e.g. bill, deficit], you do things which cause you to owe a large amount of money
47	save up (sth) or save (sth) up	to keep money so that you can buy something with it in the future
47	settle up	to pay someone the money that you owe them
47	write off sth or write sth off	to accept that an amount of money [e.g. debt, investment] has been lost or will never be paid
48	beat down sb/sth or beat sb/sth down	to force someone to reduce the price of something
48	club together	if a group of people club together, they share the cost of something between them
48	fork out sth or fork sth out	informal to pay or give money for something, especially when you do not want to
48	knock off sth or knock sth off	to take a particular amount away from something, especially a price
48	pick-up n	an increase or improvement
48	pickup n	small truck with an open back
48	sell-off n	a sale of all or part of a business
48	sell out	if a shop sells out, it has no more of a particular product available to buy
48	sell-out n	when all the tickets for an event have been sold
48	shop around	to compare the price and quality of the same item or service from different shops or companies before deciding which one to buy
48	skimp on sth	to not spend enough time or money on something, or not use enough of something
48	snap up sth or snap sth up	to buy or get something quickly because it is very cheap or because it is exactly what you want
48	splash out	informal to spend a lot of money on something which is very pleasant but which you do not need
48	stock up	to buy a lot of something, often food or drink
49	go under	if a company or business goes under, it fails financially
49	hire out sth or hire sth out	British & Australian to allow someone to use something for a short period of time after they have paid you money
49	outlet n	a shop that is one of many owned by a particular company and that sells the company’s goods
49	pour sth into sth	to provide a lot of money for something over a long period
49	put sth at sth	to roughly calculate that something will cost a particular amount or that something is a particular size or amount
49	run to sth	to reach a particular amount, usually a large amount
49	spin-off n	a product that develops from another more important product
49	start up (sth) or start (sth) up	if a business or other organisation starts up, or if someone starts one up, it is created and starts to operate
49	takeover n	an act of gaining control of a company
49	upkeep n	the cost or process of keeping something, such as a building, in good condition
49	wind down (sth) or wind (sth) down	if a business or organisation winds down, or if someone winds it down, the amount of work it does is gradually reduced until it closes completely
50	call around/round (sb)	to call several people, often in order to find out information
50	call up (sb) or call (sb) up	to call someone
50	cut off sb or cut sb off	to stop people from continuing a phone or Internet conversation by breaking the connection
50	get back to sb	if you get back to someone, you communicate with them, usually to give them information that you were not able to give them before
50	get through	to manage to talk to someone on the phone or Internet
50	hang up	to end a telephone conversation, often suddenly, by putting the part of the phone down
50	listen in	to secretly listen to a conversation, especially a phone or Internet conversation
50	phone around/round (sb)	to call several people, often in order to find out information
50	phone up (sb) or phone (sb) up	to call someone
50	put on sb or put sb on (sth)	to give someone the phone so that they can speak to the person who is on it
50	put sb on speakerphone	to turn on a loudspeaker on the phone so that everyone can hear the caller
50	put through sb or put sb through	to connect a phone or Internet caller to the person they want to speak to
50	ring in	British & Australian to phone someone at your place of work, usually to explain why you are not there
50	ring off	British & Australian to end a phone call
50,64	switch off (sth) or switch (sth) off	to turn off an electrical device [e.g. light, radio] or an engine by using a switch
50,64	switch on (sth) or switch (sth) on	to turn on an electrical device [e.g. light, radio] or an engine by using a switch
51	be hung up	informal to be very worried about something and spend a lot of time thinking about it
51	bottle up sth or bottle sth up	informal to not allow yourself to show or talk about your feelings, especially feelings of anger and sadness
51	brighten up	to suddenly look or feel happier
51	calm down (sb) or calm (sb) down	to stop feeling upset, angry, or excited, or to make someone stop feeling this way
51	carried away	to become so excited about something that you do not control what you say or do and you forget about everything else
51	cheer up (sb) or cheer (sb) up	if someone cheers up, or if someone or something cheers them up, they start to feel happier
51,61	cool down/off (sb/sth) or cool (sb/sth) down/off	to become calmer, or to make someone or something become calmer
51	feel for sb	to feel sorry for someone because they are very unhappy or in a difficult situation
51	get carried away	to become so excited about something that you do not control what you say or do and you forget about everything else
51	grow on sb	informal if something or someone grows on you, you like them more and more, although you did not like them at first
51	hang-up n	informal a feeling of embarrassment or fear about something, often when it is not necessary to feel that way
51	hung up	informal to be very worried about something and spend a lot of time thinking about it
51	jump at sth	to eagerly accept a chance to do or have something
51	pull yourself together	to become calm after being so angry or upset that you were unable to behave in a sensible way
51	take to sb/sth	to start to like someone or something
51	tear sb apart	to make someone feel very unhappy
51	warm to sth	to become more enthusiastic about an idea
52	chat up sb or chat sb up	informal, British & Australian to talk to someone in a way that shows them that you are sexually attracted to them and to try to make them attracted to you
52	chat-up n	informal a way of talking which suggests you are sexually attracted to someone and want them to be attracted to you
52	fall for sb/sth	informal to be attracted to someone or something
52	falling-out n	informal an argument
52	fit in	to feel happy in a group of people because you are similar to them
52	get along	if two or more people get along, they like each other and are friendly to each other
52	go for sth/sb	to like a particular type of thing or person
52	go out with sb	to have a romantic relationship with someone
52	hit it off	if two or more people hit it off, they like each other and become friendly immediately
52	pair off	if two people pair off, they start a romantic relationship
52	turn on sb or turn sb on	to make someone interested in something
53	break off with sb	to end a romantic relationship with someone
53	break-up n	the act or event of breaking up
53	drift apart	if two friends drift apart, they gradually become less friendly and their relationship ends
53	finish with sb	informal, British & Australian to end a romantic relationship with someone
53	grow apart	if people who are good friends grow apart, they gradually become less friendly, often because they do not have the same interests and opinions any more
53	let down sb or let sb down	to disappoint someone by failing to do what you agreed to do or what you were expected to do
53	live down sth or live sth down	to stop feeling embarrassed about something you have done by waiting until people forget about it
53	make up	to forgive someone who you have argued with and to become friendly with them again
53	miss out	to not do or get something that you would enjoy or that would be good for you, or to not have something that other people have
53	run off with sb	to secretly leave a place with someone in order to live with them or marry them, especially when other people think this is wrong
53	settle down	to start living in a place where you intend to stay for a long time, usually with the same partner, especially after a period in which you have travelled a lot or changed partners
53	settle for sth	to accept something, often something that is not exactly what you want, or is not the best
53	split up	if two people who are married or who have a romantic relationship split up, they end their marriage or relationship
54	go back on sth	to not do something that you promised or said you would
54	have it out with sb	informal to talk to someone about something that they have said or done that has made you angry in order to improve the situation
54	keep on at sb	to talk to someone about something many times, usually because you want to complain about something they have done or not done
54	keep sth from sb	to not tell someone about something
54	let on	to tell someone about something which was supposed to be a secret
54	mouth off	informal to talk about a subject as if you know more than everyone else, or to complain a lot about something
54	open up	to start to talk more about yourself and your feelings
54	outpouring n	a strong expression of emotion
54	own up	to admit that you have done something wrong, especially something that is not important
54	play down sth or play sth down	to try to make people believe that something is not very important, or that it is unlikely to happen
54	pour out sth or pour sth out	if you pour out your feelings or thoughts, you talk very honestly about what is making you sad
54	shut (sb) up	to stop talking or making a noise, or to make someone do this
54	talk down to sb	to talk to someone as if they were less clever than you
54	wind up sb or wind sb up	informal, British to tell someone something that is not true in order to make a joke
55	become of sb/sth	if you ask what became of someone or something, you want to know where they are and what happened to them
55	bring up sb or bring sb up	to look after a child and educate them until they are old enough to look after themselves
55	carry on	to continue doing something
55	end up	to finally be in a particular place, state, or situation, especially without having planned it
55	end up doing sth	to finally do something, especially without having planned to
55	grow up	to gradually change from being a child to being an adult
55	hand down sth or hand sth down	to give or teach something to someone who will be alive after you have died
55	live up to sth	if someone or something lives up to people’s expectations or a particular standard, they are as good as they were expected to be
55	name sb/sth after sb/sth	to give someone or something the same name as someone or something else
55	pass for sb/sth	if someone or something passes for someone or something else, they appear like that person or thing
55	take after sb	to have a similar appearance or character as an older member of your family
55	turn to sth	to start to do or take something bad [e.g. crime, drugs, drink], usually because you are unhappy
55	wind up	to finally be in a particular place, state, or situation, especially without having planned it
55	wind up doing sth	to finally do something, especially without having planned to
56	care for sb	to look after someone who is too young, too old, or too ill to look after themselves
56	come down with sth	to become ill, usually with a disease that is not very serious
56	fight off sth or fight sth off	to try hard to get rid of something unpleasant or unwanted, especially an illness or bad emotions
56	go down with sth	informal, British to become ill, usually with a disease that is not very serious
56	pass away	to die
56	pass on	to die
56	pass out	to become unconscious
56	pull (sb) through	to recover from a serious illness, or to help someone to do this
56	shake off sth or shake sth off	to get rid of an illness or something that is causing you problems
56	slow down	to become less physically active than you were before
56	swell up	if a part of your body swells up, it becomes larger and rounder than usual, often because of an illness or injury
56	throw up (sth) or throw (sth) up	to vomit
57	burn off sth or burn sth off	to use or get rid of energy or something which provides energy [e.g. calories, fat], by doing a lot of physical exercise
57,61	cool down (sb/sth) or cool (sb/sth) down	to become cooler, or to make someone or something become cooler
57	join in (sth)	to become involved in an activity with other people
57	kick-off n	the time when a football match begins
57	knock out	to defeat a person or team in a competition so that they have to stop taking part in it
57	knockout n	a competition in which only the winners of each stage play in the next stage, until one person or team is the final winner
57	play-off n	a game between two teams that have equal points in order to decide which is the winner
57	pull ahead	to suddenly get in front of another car or person that was previously driving or running at the same speed as you
57	send off sb or send sb off	British & Australian to order a sports player to leave the playing area during a game because they have done something wrong
57	work out	to exercise in order to improve the strength or appearance of your body
58	get (sb) up	to wake up and get out of bed, or to make someone do this
58	lie in	British & Australian to stay in bed in the morning later than you usually do
58	lie-in n	British & Australian when you stay in bed in the morning longer than usual
58	live off sth/sb	to have enough money for the things you need by taking it from a supply of money or from another person
58	live on sth	to have a particular amount of money in order to buy the things you need
58	move in	to begin living in a new house or area
58	move in together	to start living in the same house as someone you are having a romantic relationship with
58	move out	to stop living in a particular house
58	oversleep	to sleep longer than you had intended
58	put up sb or put sb up	to let someone stay in your home for a short period
58	sleep in	to sleep longer in the morning than you normally do
58	sleep over	informal to sleep in someone else’s home for a night
58	sleepover n	a party at which several young people sleep at a friend’s house for a night
58	stay up	to go to bed later than usual
58	wait up	to stay awake because you are expecting someone to arrive
59	ask after sb/sth	to ask for information about someone, especially about their health
59	ask sb over/round	to invite someone to come to your house
59	bring along sb/sth or bring sb/sth along	to bring someone or something somewhere
59	bring around/round sb/sth or bring sb/sth around/round	to bring someone or something somewhere, especially to someone’s house
59	call round	British & American to visit someone who lives near to you for a short time
59	come over	to visit someone at their house
59	drop around/round	informal to make a short visit to someone in their home, usually without arranging it before
59	drop around/round sth or drop sth around/round	informal to deliver something, usually something small
59	drop in	to make a short visit to someone in their home, usually without arranging it before
59	have sb around/round	if you have someone around, they come to your house for a social visit
59	have sb over	if you have someone over, they come to your house to visit you
59	pop in/into	informal to go into a place, especially a friend’s house, just for a short time
59	run across sb	to meet someone you know when you are not expecting to meet them
59	stand up sb or stand sb up	to fail to meet someone on purpose, especially someone with whom you were starting to have a romantic relationship
59	tag along	to go somewhere with a person, especially when they have not asked you to go with them
60	hand round sth or hand sth round	to offer something, especially food or drink, to each person in a group of people
60	heat up sth or heat sth up	to make food hot so that it can be eaten
60	live off sth	to only eat a particular type of food
60	measure out sth or measure sth out	to take a small amount of something from a larger amount, first weighing or measuring it in order to make sure that it is the right amount
60	pass round sth or pass sth round	to offer something to each person in a group of people
60	takeaway n	a meal that you can buy and take somewhere else to eat, or a shop where you can buy this food
60	thaw out (sth) or thaw (sth) out	if frozen food thaws out, or if you thaw it out, it is taken out of a freezer so that it gradually becomes warmer and is not frozen any more
60	top up sb or top sb up	to put more drink into someone's glass or cup
60	top-up n	more drink poured into a glass or cup
61	be rained off	if a sport or other outside activity is rained off, it cannot start or continue because it is raining
61	be snowed in	if a person or place is snowed in, there is so much snow that it is impossible to travel anywhere or leave that place
61	clear up	if the weather clears up, it improves
61	cloud over	if the sky clouds over, it becomes covered with clouds
61	downpour n	a sudden, heavy fall of rain
61	flood out sb or flood sb out	to force someone to leave their home because of floods
61	pour down	to rain heavily
61	rained off	if a sport or other outside activity is rained off, it cannot start or continue because it is raining
61	snowed in	if a person or place is snowed in, there is so much snow that it is impossible to travel anywhere or leave that place
61	warm up (sth/sb) or warm (sth/sb) up	to become warmer, or to make something or someone warmer
62	carry-on n	a small case or bag that you take on a plane with you
62	check in	to show your ticket at an airport so that you can be told where you are sitting and so that your bags can be put on the aircraft
62	check in or check into sth	to arrive at a hotel and say who you are so that you can be given a key for your room
62	check out	to leave a hotel after paying and giving back the key of your room
62	getaway adj	used to escape something or someone
62	get in	if a train, plane, or other vehicle gets in at a particular time, that is when it arrives
62	get off (sth)	to leave a bus, train, aircraft, or boat
62	pull in	if a train pulls in or pulls into a station, it arrives there
62	pull out	if a train pulls out, it starts to leave a station
62	set off	to start a journey
62	stop off	to visit a place for a short time when you are going somewhere else
62	stop over	to stop somewhere for a period of time when you are on a long journey
62	stopover n	a short stay in a place that you make while you are on a longer journey somewhere else
62	take-off n	when an aircraft leaves the ground and begins to fly
62	touch down	when an aircraft touches down, it lands on the ground
62	touchdown n	when an aircraft lands
63	draw up	if a vehicle, or someone in a vehicle, draws up, they arrive somewhere and stop
63	get out	to move out of a vehicle
63	knock down sb or knock sb down	to hit someone with a vehicle and injure or kill them
63	pull in or pull into swh	if a car pulls in or pulls into a place, it moves to the side of the road or to another place where it can stop
63	pull up	if a car pulls up, it stops, often for a short time
63	pump up sth or pump sth up	to fill something with air by using a pump
63	run over sb/sth or run sb/sth over	to hit someone or something with a vehicle and drive over them, injuring or killing them
63	tailback n	a long line of traffic that is moving very slowly
63	turn off (sth)	to leave the road you are travelling on and travel along another one
63	turn-off n	a place where you can leave a main road and go onto another road
63	write-off n	a vehicle that is too badly damaged to be repaired
64	get cut off	during a phone call lose the connection
64	get locked out	(of an account) be unable to enter it
64	move on	continue to the next point
64	plug in sth or plug sth in or plug sth into sth	to connect a piece of electrical equipment to a supply of electricity or to another piece of electrical equipment
64	scroll across/down/up (sth)	to move text or other information across/down/up a computer screen in order to view a different part of it
64	sign in	to connect a computer to a series of computers, usually so that you can start working
64	turn up sth or turn sth up	to increase the amount of something, especially sound or heat, that is produced by a machine [e.g. television, oven]
64	zoom in	if a camera zooms in, it starts to show a clear and detailed picture of something, as if the camera was moving closer to that thing
64	zoom out	if a camera zooms out, it starts to show someone or something in less detail, as if the camera was moving away from that person or thing
65	back up (sth) or back (sth) up	to make a copy of computer information so that you do not lose it
65	back-up n	an extra copy of computer information
65	click on sth	to carry out a computer operation by pressing a button on the mouse or keyboard
65	filter out	to pass information through a device to remove unwanted information
65	free up	to make something available to be used
65	key in sth or key sth in	to put information into a computer using a keyboard
65	log in	to connect a computer to a system of computers by typing your name, usually so that you can start working
65	log off (sth)	to stop a computer being connected to a computer system, usually when you want to stop working
65	log on	to connect a computer to a system of computers by typing your name, usually so that you can start working
65	log out	to stop a computer being connected to a computer system, usually when you want to stop working
65	print out (sth) or print (sth) out	to produce a printed copy of a document that has been written on a computer
65	printout n	information or a document that is printed from a computer
65	type in sth or type sth in	to put information into a computer using a keyboard
66	break out	if something dangerous and unpleasant [e.g. war, disease, fire] breaks out, it suddenly starts
66	outbreak n	when something unpleasant or difficult to control starts, such as war or disease
66,67	breakout n	an escape
66	break through sth	to succeed in dealing with a problem or difficult situation
66	bring down sb or bring sb down	to cause people in positions of power [e.g. government, president] to lose their position
66	crackdown n	when bad or illegal behaviour is dealt with in a very severe way, in order to stop it happening
66	hide away	to go to a place where other people will not find you
66	hideaway n	a place where someone goes to be alone
66	pull out (sb/sth) or pull (sb/sth) out	to stop being involved in an activity or agreement
66	step up sth or step sth up	to do more of an activity or to increase the speed of a process, usually in order to improve a situation
67	be mixed up in sth	informal to be involved in an illegal or unpleasant activity
67	beat up sb or beat sb up	to hurt someone badly by hitting or kicking them again and again
67	break into sth	to get into a building or car by using force, usually in order to steal something
67	get mixed up in sth	to become involved in an illegal or bad activity
67	lean on sb	informal to try to make someone do what you want by threatening or persuading them
67	mixed up in sth	informal to be involved in an illegal or unpleasant activity
67	put sb up to sth	to encourage someone to do something stupid or wrong
67	tip off sb or tip sb off	to warn someone secretly about something that will happen so that they can take action or prevent it from happening
67	tip-off n	a secret warning or piece of secret information
67	walk off with sth	informal to steal something, or to take something without the owner’s permission
68	break away	to stop being part of a group because you disagree with them or because you do not want to be controlled by them
68	clamp down	if someone in authority clamps down, they do something in order to stop or limit a particular activity
68	clampdown n	a sudden action taken by a government or people in authority to stop or limit a particular activity
68	go ahead	to start to do something
68	go-ahead n	permission for something to start
68	stand by sb	to continue to support or help someone when they are in a difficult situation
68	stand up for sth/sb	to defend something that you believe is important [e.g. principle, right], or to defend a person who is being criticised
68	stand up to sb	if you stand up to a powerful person or organisation, you state your opinions forcefully and refuse to agree with them or do what they want
68	stick by sb	to continue to support someone when they are having problems
69	barrack for sb	informal, American & Australian to shout encouragement to the players in a football team
69	bawl out sb or bawl sb out	informal, American & Australian to tell someone angrily that something they have done is wrong
69	belt into sth	Australian to begin to do something quickly and with a lot of effort
69	figure out sth or figure sth out	American to understand something or someone, or to find the answer to something by thinking carefully
69	get into sb	informal, Australian to criticise someone
69	goof around/off	informal, American to avoid doing any work
69	Listen up!	informal, American something you say to tell people to listen to what you are going to say
69	meet with sb	American to have a meeting with someone in order to discuss or arrange something
69	shoot through	informal, Australian to leave a place suddenly and often secretly, especially to avoid something
69	suss out sb/sth or suss sb/sth out	informal, British & Australian to discover what someone or something is really like, or to find out how a machine or piece of equipment works
69	tell off sb or tell sb off	to speak angrily to someone because they have done something wrong
69	visit with sb	American to spend time talking with someone that you know
69	Wait up!	American something you say to tell someone to stop so that you can talk to them or go somewhere with them
69	wash up	American to clean your hands and face with soap and water
69	wash up (sth) or wash (sth) up	British & Australian to clean the plates, pans and other things you have used for cooking and eating a meal
70	arrive at	reach a result
70	base on	use ideas or information as a starting point for something else
70	bring together	collect
70	draw together	collect
70	follow up on sth	give more information about something mentioned before
70	pick up on	connect or give more attention to
70	relate	to connect to
p179	bring round/around sb/sth or bring sb/sth round/around	see bring around/round
p181	come round/around	see come around/round
p182	drop round/around	see drop around/round
p184	get round/around	see get around/round
p188	look round/around	see look around/round
p195	stand round	see stand about
p197	take round	see take around
